model_id,iteration_1,iteration_2,iteration_3,iteration_4,iteration_5,iteration_6,iteration_7,iteration_8,iteration_9,iteration_10,iteration_11,iteration_12,iteration_13,iteration_14,iteration_15,iteration_16,iteration_17,iteration_18,iteration_19,iteration_20,iteration_21,iteration_22,iteration_23,iteration_24,iteration_25,iteration_26,iteration_27,iteration_28,iteration_29,iteration_30,iteration_31,iteration_32,iteration_33,iteration_34,iteration_35,iteration_36,iteration_37,iteration_38,iteration_39,iteration_40,iteration_41,iteration_42,iteration_43,iteration_44,iteration_45,iteration_46,iteration_47,iteration_48,iteration_49,iteration_50,iteration_51,iteration_52,iteration_53,iteration_54,iteration_55,iteration_56,iteration_57,iteration_58,iteration_59,iteration_60,iteration_61,iteration_62,iteration_63,iteration_64,iteration_65,iteration_66,iteration_67,iteration_68,iteration_69,iteration_70,iteration_71,iteration_72,iteration_73,iteration_74,iteration_75,iteration_76,iteration_77,iteration_78,iteration_79,iteration_80,iteration_81,iteration_82,iteration_83,iteration_84,iteration_85,iteration_86,iteration_87,iteration_88,iteration_89,iteration_90,iteration_91,iteration_92,iteration_93,iteration_94,iteration_95,iteration_96,iteration_97,iteration_98,iteration_99,iteration_100
SARV-Model-001,9,13,17,18,19,22,23,24,24,25,26,26,26,27,29,31,31,33,33,34,34,34,34,36,36,36,36,37,37,38,40,40,41,42,42,43,43,43,44,44,44,44,45,45,45,45,45,45,45,47,47,47,47,47,47,48,48,49,50,50,50,50,50,50,51,52,52,52,52,52,52,53,54,54,54,55,55,56,56,57,57,57,58,58,58,58,60,60,60,60,60,60,60,60,60,60,60,61,61,61
SARV-Model-002,9,12,15,16,19,22,22,23,24,24,26,26,26,27,28,29,29,29,30,30,32,34,35,37,37,38,39,40,41,42,42,42,43,44,44,44,44,44,44,44,45,45,45,45,45,45,46,46,46,46,46,47,47,48,49,49,52,53,53,55,56,56,57,57,57,57,58,58,58,58,58,58,58,58,60,60,60,60,61,61,61,61,61,61,61,61,62,62,62,62,62,62,62,62,62,62,62,62,62,62
SARV-Model-003,8,11,14,16,19,20,20,22,25,27,28,29,29,30,30,30,30,31,32,34,35,36,36,36,36,38,38,38,38,39,39,39,39,40,40,42,42,43,45,45,45,45,46,47,47,47,47,47,49,50,50,50,50,50,50,50,50,51,51,51,51,51,51,51,51,52,52,52,52,52,52,52,52,54,54,55,55,55,55,55,55,55,55,56,56,56,57,57,57,57,57,58,58,58,59,60,62,62,62,62
SARV-Model-004,9,11,11,14,14,16,18,22,23,24,26,27,29,29,31,32,34,34,35,37,37,38,38,38,38,38,39,39,39,39,39,40,40,40,40,40,40,41,41,41,41,41,42,42,43,43,43,44,44,44,44,45,45,47,48,48,48,48,48,49,49,49,49,50,50,50,50,50,50,51,51,52,52,52,54,54,54,54,54,54,54,54,54,54,55,55,55,55,56,56,56,57,57,57,58,58,58,58,58,59
SARV-Model-005,8,12,12,16,19,19,22,24,24,27,27,28,30,31,32,33,35,35,35,35,35,35,36,37,37,38,39,40,41,42,43,44,44,46,46,47,47,47,47,49,49,49,51,51,51,51,51,53,54,55,55,55,55,55,55,57,57,57,57,57,57,57,57,58,58,58,59,60,60,62,62,62,62,62,62,62,62,62,62,62,62,62,63,63,63,63,63,63,63,63,63,63,63,63,63,63,63,63,63,63
SARV-Model-006,9,12,12,14,15,16,21,22,22,22,24,26,27,27,27,29,32,34,35,35,37,37,37,38,38,39,40,42,42,42,43,44,44,46,47,48,48,48,48,48,48,48,48,48,49,49,49,49,49,50,52,52,53,53,53,54,54,54,54,54,54,54,55,55,55,55,55,55,55,55,55,56,56,56,57,57,57,57,57,57,57,58,58,58,58,58,58,58,58,59,60,60,60,61,61,61,61,61,61,61
SARV-Model-007,9,11,12,14,17,19,21,22,23,24,25,26,27,27,27,30,31,33,33,33,34,35,35,36,37,37,39,40,42,45,45,47,47,48,48,48,48,48,48,49,50,50,50,50,50,50,50,50,50,50,50,50,50,50,50,51,51,51,51,53,53,53,53,54,54,54,54,54,54,54,56,56,56,56,56,57,57,57,57,57,58,58,60,60,60,60,60,60,60,61,61,62,62,62,62,62,63,63,63,63
SARV-Model-008,9,14,17,18,19,19,20,21,22,23,24,25,26,28,30,31,31,32,32,34,36,36,36,36,36,37,38,38,39,39,39,39,39,39,39,39,40,40,40,40,41,41,42,43,43,43,43,43,44,44,45,46,46,46,46,47,47,47,48,48,48,48,48,49,49,49,49,49,50,50,50,51,53,53,53,53,53,55,55,55,56,56,56,56,56,57,58,58,58,58,58,58,58,58,60,60,60,60,61,61
SARV-Model-009,9,10,13,16,18,23,27,29,30,30,30,30,30,30,31,33,35,36,37,38,39,40,41,42,42,42,42,42,43,43,44,45,47,47,47,47,48,48,49,49,49,49,49,49,49,49,50,51,51,51,53,53,53,53,53,53,53,54,54,54,54,54,54,56,56,56,56,57,57,58,59,59,60,60,60,60,61,61,61,61,61,61,62,62,62,62,62,62,63,63,64,65,65,65,66,67,67,67,67,68
SARV-Model-010,8,11,14,18,20,20,22,24,24,25,25,26,27,28,28,29,30,31,33,33,33,34,34,35,37,37,37,37,39,39,39,39,39,39,40,41,42,43,45,45,45,46,46,46,46,46,48,48,48,48,48,48,49,49,49,49,49,49,49,49,49,49,51,51,51,51,51,52,52,52,52,54,54,54,54,54,55,55,55,55,55,55,56,56,56,57,57,58,59,59,59,59,59,59,59,59,60,60,60,60
SARV-Model-011,8,11,12,15,16,19,19,23,26,28,28,31,32,34,35,37,38,40,40,40,40,42,44,44,44,44,44,45,45,46,46,46,46,46,46,47,47,47,47,47,47,47,48,49,49,49,49,49,49,50,50,50,50,50,50,50,51,51,52,53,54,54,54,55,55,55,55,55,56,57,57,57,57,57,57,58,58,59,59,59,59,59,59,59,60,60,60,60,60,60,60,60,61,61,61,61,61,62,62,62
SARV-Model-012,8,10,12,14,15,15,18,18,20,22,22,23,23,26,27,28,30,30,30,31,32,32,32,32,35,37,37,38,41,42,44,44,44,44,44,46,46,46,46,46,47,47,47,47,47,47,48,48,50,51,51,51,52,52,53,53,54,54,54,55,55,55,55,55,56,57,57,57,57,58,58,58,59,59,59,59,59,59,59,59,60,61,62,62,62,62,62,62,62,62,62,62,62,62,63,63,63,63,63,63
SARV-Model-013,8,12,13,13,16,17,20,21,22,24,25,27,27,27,27,28,29,29,29,29,30,32,33,33,34,34,37,37,38,38,39,39,40,41,42,44,46,46,46,46,46,46,46,46,46,47,47,47,48,48,48,48,48,48,48,48,48,49,49,49,49,50,51,51,51,51,51,51,51,51,51,52,52,52,53,53,53,55,55,56,56,56,56,56,56,56,56,56,56,56,57,57,57,57,58,58,58,58,59,60
SARV-Model-014,9,14,14,17,17,18,19,20,24,28,28,30,31,31,32,34,34,34,34,35,35,35,36,36,37,37,37,39,39,40,40,42,42,43,44,45,45,46,46,46,46,46,46,46,47,47,47,48,49,49,50,50,50,50,50,50,51,51,51,51,51,51,51,51,52,52,52,52,52,52,52,52,54,54,54,55,55,55,56,57,57,57,60,60,60,60,60,62,62,62,62,62,62,62,62,62,62,62,62,62
SARV-Model-015,8,12,14,15,16,17,17,19,22,25,25,27,29,29,31,31,31,31,34,35,35,36,36,39,39,40,40,40,41,41,41,41,41,41,41,41,41,42,42,42,42,42,44,44,44,44,44,45,45,45,46,46,47,47,47,47,48,48,48,48,50,50,50,50,50,50,51,51,51,51,53,53,53,53,53,54,54,54,55,56,56,57,57,58,58,58,58,59,59,60,60,60,60,60,60,60,61,61,61,61
SARV-Model-016,8,12,14,16,17,19,21,21,23,26,26,26,26,27,27,27,30,30,30,30,32,33,33,33,33,34,34,35,36,38,38,38,40,41,41,41,41,41,42,43,43,43,43,43,43,43,43,43,43,43,43,43,44,45,45,45,45,45,45,45,45,46,46,46,46,46,46,47,47,47,49,49,50,50,50,50,50,50,50,50,51,51,51,51,51,51,51,51,51,51,51,51,51,51,51,51,51,51,51,51
SARV-Model-017,8,13,17,18,20,20,21,21,23,23,23,24,29,29,30,30,30,31,31,33,34,34,35,36,39,41,42,42,44,44,45,46,47,47,49,50,50,50,50,50,51,51,51,51,51,51,51,51,52,52,53,53,53,53,53,53,55,56,56,57,57,57,59,59,59,59,59,59,59,59,60,61,61,62,62,63,63,64,64,64,64,64,64,64,64,64,64,64,64,64,64,64,64,64,64,64,64,64,64,64
SARV-Model-018,8,11,14,17,18,19,21,22,23,24,27,31,32,32,33,35,35,35,36,36,37,38,40,40,40,41,41,41,41,41,41,43,44,46,46,47,48,48,48,48,48,48,49,49,49,49,49,49,50,50,50,50,50,50,50,50,50,50,51,52,52,53,53,53,53,53,53,53,53,53,54,54,54,55,55,55,55,55,56,56,57,57,58,58,58,58,59,59,59,59,59,59,59,59,59,59,60,60,60,60
SARV-Model-019,8,12,13,15,17,23,23,26,29,29,30,31,33,34,35,36,37,37,37,39,40,41,43,45,46,47,47,47,48,49,49,49,49,50,50,50,50,51,51,51,52,52,52,52,52,52,53,53,53,54,54,55,55,56,56,56,57,58,58,58,58,59,59,59,59,59,59,59,59,59,59,59,59,60,60,60,60,60,60,60,60,61,61,61,61,61,61,61,61,61,61,61,62,63,63,63,63,64,64,64
SARV-Model-020,9,15,17,19,20,22,23,25,26,29,29,31,32,33,35,35,35,35,35,37,38,38,38,38,39,39,39,39,39,39,39,40,41,41,41,41,41,42,42,42,43,43,43,43,43,44,44,46,47,48,49,49,49,49,49,49,49,50,50,50,50,50,50,51,51,51,51,52,52,53,53,53,53,54,54,54,55,55,55,56,57,57,57,58,58,58,58,58,58,58,59,59,59,59,59,59,59,59,60,60
SARV-Model-021,8,12,16,18,20,21,25,25,27,27,27,30,30,31,32,34,35,35,35,35,35,37,38,40,40,44,44,44,44,45,45,46,47,48,48,48,48,49,49,49,49,50,50,50,52,52,52,52,52,52,52,52,52,52,52,52,52,52,52,52,52,52,52,52,52,53,54,54,54,54,54,54,54,54,54,54,54,54,56,56,56,56,56,56,56,57,58,58,58,58,58,58,58,58,58,59,59,59,59,59
SARV-Model-022,8,13,15,17,20,21,24,24,27,28,33,35,36,36,37,38,40,40,40,41,41,41,41,43,44,44,46,46,46,46,46,47,47,48,49,50,50,50,51,51,51,51,51,51,51,52,52,52,52,52,52,53,53,53,54,54,54,54,54,54,54,54,54,54,54,55,55,55,55,56,56,56,56,56,56,56,57,57,58,58,59,60,60,60,60,60,60,60,60,60,61,61,61,61,62,62,62,62,62,62
SARV-Model-023,8,13,15,20,24,25,26,26,26,28,29,31,32,32,33,36,37,39,42,43,44,44,44,45,46,47,47,47,47,48,49,49,49,50,50,50,50,51,51,51,51,51,51,52,52,53,53,54,54,55,55,55,55,55,55,56,56,56,56,57,57,58,58,58,58,58,58,58,58,58,58,58,58,58,58,58,60,60,60,60,60,60,60,60,60,60,60,60,60,60,60,60,60,60,60,60,60,60,60,60
SARV-Model-024,8,11,14,14,18,22,27,28,28,29,29,31,31,31,31,33,34,35,35,36,36,36,37,38,38,40,40,41,42,43,43,43,43,44,44,45,45,46,46,46,46,46,46,46,47,47,47,47,47,47,47,47,48,48,49,49,49,49,49,49,49,49,49,49,51,51,51,52,53,53,53,53,53,54,54,55,56,57,58,58,58,58,58,58,58,58,58,59,60,60,60,60,60,60,60,60,60,60,60,61
SARV-Model-025,9,14,18,20,23,25,27,28,31,31,33,33,34,37,40,40,40,40,40,40,40,41,41,41,41,41,41,41,42,42,42,42,42,42,42,42,44,45,46,46,47,48,48,49,49,49,50,50,50,50,52,52,52,53,53,53,53,54,54,55,55,56,56,56,56,56,56,56,56,56,56,56,56,56,56,56,57,57,58,58,58,58,58,58,58,58,58,58,58,59,59,60,60,61,61,62,62,63,63,63
SARV-Model-026,9,13,16,19,23,24,25,25,25,27,29,29,29,29,30,30,32,32,32,33,34,34,35,36,38,39,41,41,41,41,42,43,43,43,44,44,45,46,46,47,48,48,48,48,49,49,49,49,49,49,49,49,50,50,51,51,51,52,52,52,53,53,53,54,54,54,54,55,55,56,56,56,56,57,57,57,57,58,58,58,58,58,58,58,58,58,58,59,59,59,59,60,60,60,60,60,61,61,62,62
SARV-Model-027,8,9,11,12,17,18,21,21,21,22,23,24,25,25,25,27,28,31,31,32,32,33,33,36,37,39,39,39,40,41,44,45,46,46,47,48,48,48,48,49,49,49,49,49,49,49,50,50,50,50,50,50,50,51,51,51,52,53,53,53,53,54,54,54,54,54,54,55,55,55,55,55,55,56,56,56,56,56,56,56,56,56,57,57,57,57,57,57,58,58,59,59,60,60,60,60,60,60,60,60
SARV-Model-028,9,11,12,18,19,22,23,25,25,26,28,28,28,29,29,29,29,29,30,30,31,32,32,33,34,35,35,35,35,35,36,37,37,37,38,38,38,38,39,39,40,40,41,41,41,42,45,46,48,48,50,52,52,53,53,53,53,53,53,53,53,55,55,55,55,56,56,56,56,56,56,56,58,58,58,59,59,60,60,61,61,61,61,61,61,61,61,61,61,62,62,62,62,62,62,63,63,63,63,63
SARV-Model-029,9,13,15,17,18,23,26,26,26,29,32,33,33,33,34,35,35,35,36,38,39,39,39,39,39,41,42,42,44,44,45,45,46,46,47,48,49,49,49,49,49,51,51,51,51,52,52,53,53,53,53,53,53,54,54,55,55,55,55,56,57,58,59,59,59,59,59,59,59,59,59,60,60,61,62,62,62,62,62,62,62,62,62,62,62,62,62,62,62,62,62,62,63,63,63,63,63,63,63,63
SARV-Model-030,9,13,19,19,21,24,25,26,26,27,27,29,30,31,31,32,32,34,34,36,36,36,36,36,36,36,37,37,37,38,38,39,39,40,41,43,44,45,45,45,45,45,46,46,46,46,47,47,47,47,47,48,49,49,49,49,50,50,51,52,53,53,53,54,55,56,56,57,57,57,57,57,57,57,57,57,57,57,57,57,57,57,57,57,57,57,57,59,59,60,60,60,60,61,61,61,61,61,61,61
SARV-Model-031,8,9,13,15,16,17,19,19,20,22,23,23,25,29,32,32,32,33,34,34,34,35,37,37,38,40,40,40,41,42,42,42,43,44,44,45,45,45,45,45,47,47,47,47,47,48,48,49,49,49,49,49,49,49,49,49,50,52,53,53,53,53,53,53,53,53,53,53,53,53,53,53,53,53,53,53,53,53,53,53,53,54,55,55,56,56,56,56,56,56,56,56,56,57,58,58,58,58,58,58
SARV-Model-032,9,10,15,15,17,20,21,22,22,24,24,25,26,27,29,29,29,29,32,33,33,34,34,35,37,38,38,39,39,40,40,41,43,44,46,46,47,47,47,47,48,49,49,50,50,50,50,51,52,52,52,52,53,53,53,54,54,55,56,56,56,56,56,56,56,56,56,56,56,56,56,56,57,57,57,57,57,57,57,57,57,57,57,57,57,59,59,59,60,60,60,60,61,61,61,61,61,61,61,61
SARV-Model-033,8,12,14,16,18,21,23,24,25,26,26,27,28,29,29,30,30,33,33,34,34,37,37,37,37,37,38,40,40,41,42,42,42,42,44,44,44,44,45,45,45,45,45,45,45,45,46,46,46,46,48,48,48,49,49,49,50,50,51,51,51,51,51,51,51,51,51,51,52,52,52,52,52,52,52,53,54,54,54,54,55,55,55,55,55,55,55,55,56,56,57,57,57,57,58,58,58,58,58,58
SARV-Model-034,8,10,12,13,16,17,17,19,20,21,22,23,23,24,24,26,28,29,32,33,33,33,36,37,38,39,39,39,39,41,41,41,41,41,41,42,44,44,44,45,45,45,46,47,49,49,49,49,49,49,49,50,50,51,51,51,51,51,51,51,51,51,51,52,52,52,52,52,53,53,54,54,54,54,54,55,55,55,55,55,55,55,55,55,55,55,55,55,55,55,55,55,55,55,55,55,55,55,55,55
SARV-Model-035,9,12,15,19,19,21,22,24,28,29,31,31,31,32,34,34,35,37,39,39,39,40,40,40,41,41,41,41,42,42,43,43,43,43,43,43,44,45,45,45,45,46,46,46,46,46,47,48,48,48,48,49,49,49,49,49,49,49,50,51,51,52,53,53,54,55,55,55,56,56,56,57,57,57,59,59,59,59,59,59,59,59,59,59,59,59,59,59,59,59,59,59,61,61,63,64,64,65,65,65
SARV-Model-036,8,13,16,18,20,23,23,25,26,27,31,31,32,32,32,32,33,34,34,35,35,35,35,35,36,37,37,38,38,41,41,41,42,42,42,43,43,44,45,46,46,46,46,47,48,48,50,50,50,50,50,50,50,50,50,50,51,52,52,52,52,54,54,55,55,55,55,55,55,55,55,56,56,56,56,56,57,57,57,58,58,58,58,58,58,58,59,59,59,60,60,60,60,60,60,60,60,60,60,60
SARV-Model-037,9,12,15,16,19,21,21,22,24,26,28,28,29,29,29,30,31,31,31,32,35,36,37,37,37,38,38,39,39,40,42,43,44,45,46,48,48,48,49,51,51,52,52,53,53,53,54,54,55,55,56,56,56,56,56,56,56,56,56,56,56,57,57,57,57,57,57,57,57,57,57,57,57,57,57,57,57,57,57,58,58,58,58,58,58,58,59,59,59,59,59,59,59,59,59,59,59,59,59,59
SARV-Model-038,8,13,13,14,17,19,19,20,21,21,22,23,25,25,26,29,29,31,31,31,32,32,34,35,37,37,37,39,40,41,42,43,43,43,43,45,45,46,46,47,47,47,47,48,49,50,51,52,52,53,53,53,53,53,53,53,53,53,53,53,54,55,55,55,56,57,57,57,57,58,58,58,58,58,58,58,58,58,58,58,58,58,58,58,59,60,60,60,61,61,61,62,63,63,64,64,64,64,64,64
SARV-Model-039,8,9,12,15,19,23,23,24,26,28,28,28,30,31,32,33,34,35,37,38,39,39,39,40,41,41,41,42,42,43,43,43,43,43,43,44,45,45,46,47,47,48,48,48,48,48,49,51,52,52,52,52,52,52,52,52,53,53,54,54,54,54,54,54,55,55,55,55,55,55,55,55,56,56,56,56,56,56,57,58,59,59,59,59,59,60,60,61,61,61,62,62,62,63,63,63,63,63,63,63
SARV-Model-040,8,10,14,17,19,20,20,23,25,25,28,29,32,33,35,35,36,36,36,36,36,36,36,37,37,37,38,39,40,40,40,40,40,40,41,41,41,42,42,42,43,43,45,45,46,47,48,49,50,50,50,50,50,50,50,50,50,51,51,51,51,51,51,51,52,53,55,55,55,55,55,55,55,55,55,55,55,55,55,56,56,57,57,57,57,57,57,57,57,57,57,57,57,57,57,57,57,57,58,58
SARV-Model-041,9,13,15,19,19,21,23,26,26,26,26,26,26,28,30,32,35,36,37,37,37,38,39,39,41,43,44,45,45,45,45,45,46,47,47,47,47,47,47,47,47,49,50,50,50,50,51,51,51,51,51,51,52,52,53,53,53,53,53,53,53,53,53,53,53,53,53,53,53,53,53,53,53,53,53,53,53,53,53,53,53,53,55,57,58,58,58,58,58,58,58,58,58,58,59,61,61,61,61,61
SARV-Model-042,8,10,11,11,14,20,21,21,22,22,23,23,25,26,27,28,28,29,31,31,31,32,33,33,34,34,34,36,36,36,36,37,37,37,38,38,40,40,41,41,41,41,41,41,41,42,44,45,46,47,47,47,47,47,47,48,50,50,51,52,52,52,53,53,53,54,54,54,54,54,54,54,54,54,54,54,54,54,54,54,54,54,55,55,55,55,56,56,56,57,57,57,58,58,59,59,59,59,60,60
SARV-Model-043,8,10,12,15,19,20,23,25,25,26,26,28,28,28,30,31,31,32,32,32,32,32,33,34,34,34,36,36,36,36,36,37,40,40,40,40,41,41,42,43,43,45,45,46,46,47,47,48,48,48,48,49,49,49,49,49,49,49,50,50,51,51,51,51,51,52,52,52,52,52,53,53,53,53,53,53,54,54,55,55,56,56,56,56,56,56,56,56,56,56,56,56,56,56,56,57,58,59,59,60
SARV-Model-044,8,11,13,14,17,24,27,28,28,28,28,29,30,31,33,33,34,35,35,35,36,37,38,38,38,39,39,40,40,40,40,41,41,42,43,43,44,44,45,47,48,49,49,49,49,49,50,51,51,53,53,53,54,54,54,55,55,55,55,56,56,56,57,59,60,60,61,62,63,63,63,63,63,63,63,63,63,63,63,64,64,64,64,65,65,65,65,65,65,65,65,65,65,66,66,66,66,66,66,66
SARV-Model-045,8,11,15,15,17,19,19,20,23,24,24,25,26,26,26,28,30,31,34,35,37,38,40,42,42,42,42,42,42,44,45,45,46,47,48,49,49,50,50,50,50,50,51,52,52,52,52,52,52,52,52,52,52,52,52,53,54,54,54,54,54,54,55,56,56,56,57,57,57,57,57,57,57,57,57,57,57,57,57,58,58,58,60,60,60,60,60,60,60,61,61,61,61,61,61,61,61,61,61,61
SARV-Model-046,8,11,15,17,17,17,17,18,19,22,27,29,31,32,34,35,35,35,37,38,39,39,40,40,40,40,41,41,41,41,41,43,43,43,44,44,44,46,47,47,47,47,47,47,47,47,47,47,47,47,48,48,48,49,50,50,50,50,50,51,52,54,54,54,55,55,55,55,55,55,55,55,55,55,55,55,55,55,55,56,57,57,57,57,58,58,58,58,58,59,59,59,59,59,59,59,59,61,61,61
SARV-Model-047,9,15,19,21,24,26,26,26,29,31,32,35,35,35,35,35,37,37,38,38,40,41,42,42,42,43,43,43,43,44,45,45,45,45,46,46,46,47,47,47,48,48,50,50,52,52,53,53,53,54,54,54,55,56,56,56,56,56,56,56,56,56,57,58,58,58,59,59,59,60,60,60,60,60,60,60,60,60,60,60,60,61,62,62,62,62,62,62,62,62,62,63,63,64,64,64,64,64,64,65
SARV-Model-048,9,12,13,16,16,18,18,21,24,25,26,26,28,28,29,31,32,32,34,34,34,34,35,35,35,35,36,37,37,37,37,37,37,38,38,38,39,39,39,39,40,40,41,42,44,44,44,44,44,44,45,46,48,48,49,49,50,50,50,51,52,52,53,53,53,53,53,53,53,53,54,54,54,55,55,55,55,55,55,55,55,55,55,55,55,55,55,55,55,55,56,56,56,56,56,56,56,56,56,56
SARV-Model-049,8,14,15,16,18,22,24,24,24,26,26,26,28,28,28,30,33,36,36,37,39,41,41,42,43,43,43,43,43,43,43,43,43,43,43,43,44,44,44,45,45,46,46,46,46,46,46,47,48,48,48,49,49,49,50,50,50,50,51,52,52,52,52,53,53,53,53,53,53,53,56,56,56,56,57,58,58,58,58,58,58,58,58,58,58,58,58,58,58,58,58,58,60,60,60,60,60,61,61,62
SARV-Model-050,9,13,15,17,19,21,21,27,27,29,30,30,31,33,34,34,35,36,37,39,40,40,40,40,40,42,43,43,43,43,43,43,44,44,44,45,45,45,45,45,46,46,46,46,47,48,48,50,51,52,53,53,56,56,56,56,56,56,56,56,56,56,57,58,58,58,58,58,58,58,58,59,59,60,60,60,61,61,62,62,62,62,62,62,62,62,62,62,62,62,63,63,63,63,63,63,63,63,63,63
SARV-Model-051,9,13,15,17,20,20,21,22,23,27,27,27,27,29,29,29,31,32,32,33,34,36,36,37,37,38,38,41,41,41,42,42,43,43,43,43,43,45,46,46,47,47,48,49,49,49,50,53,53,54,56,56,56,56,56,56,56,56,57,57,57,57,57,57,57,57,57,57,57,57,57,57,57,57,57,58,58,58,58,58,58,58,58,58,59,59,59,59,59,59,59,59,59,59,59,59,59,59,59,59
SARV-Model-052,9,13,15,17,17,19,21,23,25,29,29,31,31,33,33,35,35,35,37,37,37,37,37,38,39,40,41,41,41,42,42,43,43,43,43,47,48,48,48,48,48,49,50,50,50,50,51,52,53,53,53,53,54,54,55,55,55,55,55,55,56,56,56,56,56,56,56,56,56,56,56,56,56,56,56,57,57,57,57,57,57,57,57,57,57,57,57,57,57,57,57,57,57,57,59,60,60,60,60,60
SARV-Model-053,9,11,13,15,15,18,18,19,23,24,24,24,26,27,29,30,30,30,33,36,36,36,36,37,39,41,42,42,42,42,43,43,43,44,44,44,44,44,44,45,47,48,48,49,49,49,49,49,50,50,50,51,51,51,51,51,52,52,53,53,53,53,53,53,53,53,53,53,53,53,54,55,55,55,55,55,55,55,55,55,55,56,56,57,57,58,58,58,58,58,58,58,58,59,59,59,59,59,59,59
SARV-Model-054,8,10,12,15,16,18,19,20,20,21,21,22,25,26,27,29,29,30,31,31,31,31,34,35,37,38,38,38,38,38,39,40,41,41,42,43,45,46,48,48,49,49,50,51,51,51,51,52,52,52,53,53,53,53,53,53,53,53,53,53,53,53,53,53,54,54,54,54,54,54,54,55,55,55,55,55,56,56,56,57,57,57,57,58,58,58,59,59,59,59,59,59,59,59,59,59,60,60,60,60
SARV-Model-055,9,14,16,21,22,25,25,25,26,26,27,30,30,31,31,31,31,32,32,33,36,37,37,38,38,40,40,41,41,41,42,43,45,46,46,46,46,47,48,48,49,50,50,50,50,51,51,52,53,54,54,55,55,55,56,56,56,56,56,57,57,57,58,58,58,58,58,59,59,59,59,60,63,63,63,63,63,63,63,63,64,64,64,65,65,65,65,66,67,67,67,67,67,67,67,67,67,67,67,67
SARV-Model-056,9,14,14,15,18,19,21,21,22,23,24,25,25,25,26,26,26,29,31,32,32,32,32,36,36,36,38,38,38,39,39,40,40,40,40,41,41,41,42,42,42,43,44,45,46,47,49,50,50,51,52,53,53,53,53,53,53,53,55,55,55,56,56,56,56,56,56,56,56,56,56,56,56,56,56,56,56,56,56,56,56,56,56,56,56,57,57,57,58,58,58,58,58,58,58,58,58,58,58,58
SARV-Model-057,9,14,15,18,22,22,24,26,26,28,29,29,31,31,33,34,36,38,41,41,42,42,42,43,44,44,46,46,47,47,49,49,50,52,52,52,52,53,53,53,54,54,56,56,56,56,56,56,56,58,58,58,58,58,59,59,59,59,59,59,60,60,60,60,60,60,60,61,61,61,61,62,62,63,63,63,64,64,65,65,65,65,65,66,66,66,66,66,66,66,66,66,66,66,67,67,67,67,67,67
SARV-Model-058,8,12,16,19,21,22,24,25,28,29,30,31,33,33,33,35,38,38,38,39,41,41,41,41,42,42,42,42,43,44,45,45,45,45,45,45,46,47,49,49,49,49,50,53,53,55,56,56,56,56,56,57,57,57,57,57,58,58,58,59,59,59,59,59,59,59,59,59,59,59,59,59,61,61,61,61,61,62,62,62,62,62,62,63,63,63,63,63,63,63,63,63,63,63,63,64,64,64,64,64
SARV-Model-059,8,13,17,21,23,24,27,29,30,31,32,34,36,38,39,41,41,42,44,44,45,45,47,47,47,47,48,49,49,49,49,49,49,49,49,51,51,51,53,54,54,54,55,56,56,56,56,56,56,56,56,56,56,56,56,56,56,57,57,57,57,58,58,59,59,59,59,59,59,61,61,61,61,61,62,63,63,63,63,63,63,63,63,63,64,65,65,65,65,65,65,65,65,65,65,65,65,65,65,65
SARV-Model-060,8,12,14,14,15,19,20,23,23,24,25,26,27,28,29,29,29,31,34,36,36,37,39,40,40,41,42,43,44,45,47,47,48,48,48,49,50,50,50,51,51,52,52,53,53,54,54,54,54,54,54,55,55,57,57,57,58,58,58,58,58,58,58,58,58,58,59,59,59,59,59,59,59,59,59,59,59,59,59,59,59,59,59,59,59,59,59,59,59,59,59,59,59,59,59,59,59,61,61,62
SARV-Model-061,8,13,14,18,20,21,23,26,26,28,29,29,30,31,31,32,33,35,36,36,37,38,40,40,41,42,43,44,44,44,44,45,46,46,47,47,47,48,48,50,51,51,51,52,52,52,53,53,53,53,53,54,54,55,55,55,55,55,55,55,55,55,55,55,55,55,55,55,55,55,55,55,55,55,55,55,55,55,55,55,55,55,56,56,56,57,57,57,57,57,57,57,57,57,57,57,57,57,57,57
SARV-Model-062,9,17,19,21,24,25,26,28,32,33,35,36,36,36,37,38,38,39,40,41,41,41,41,41,41,43,43,43,43,43,43,45,46,46,47,47,48,49,50,50,50,51,51,51,52,52,52,53,54,54,54,54,54,54,54,54,54,54,54,54,54,54,54,54,54,55,55,55,55,55,55,56,56,57,57,57,57,57,57,58,58,58,58,58,58,58,58,59,59,59,59,59,59,59,59,62,62,62,62,62
SARV-Model-063,8,14,16,19,20,22,25,27,29,30,30,33,33,34,36,36,37,37,37,38,41,43,44,44,44,44,44,44,44,44,44,44,45,46,46,48,49,50,50,50,50,50,50,50,50,51,52,52,52,52,52,52,52,52,52,52,52,53,54,54,54,54,54,54,54,54,55,55,55,55,55,55,55,55,55,55,55,55,56,56,57,58,58,59,60,60,60,61,61,61,61,61,61,61,61,61,61,61,61,61
SARV-Model-064,8,13,15,16,18,19,19,23,26,27,27,27,29,31,32,34,34,35,37,37,38,39,39,40,41,41,44,44,44,44,44,45,45,45,45,46,46,46,47,47,48,48,48,48,48,49,49,50,50,50,50,50,51,51,51,51,51,51,51,52,52,52,52,52,54,55,56,56,56,57,57,58,58,58,58,58,58,58,58,58,58,58,58,58,58,58,58,58,58,58,58,58,58,58,58,58,58,58,58,58
SARV-Model-065,8,13,14,17,18,19,21,22,24,25,26,28,29,29,29,31,32,34,35,35,36,36,36,37,38,40,40,40,42,43,43,43,43,44,44,44,45,45,47,48,48,48,49,49,49,51,51,51,51,52,52,52,52,52,52,52,52,53,53,53,53,53,53,53,53,53,53,53,53,53,53,53,53,53,53,53,53,53,53,53,53,53,53,53,53,54,55,55,55,57,58,58,59,59,59,59,59,59,59,59
SARV-Model-066,9,10,17,18,18,21,22,22,22,24,24,27,27,31,33,35,35,36,37,38,38,39,40,40,40,40,41,41,42,42,42,43,43,43,43,43,43,43,45,46,46,46,46,46,47,47,47,47,47,47,47,49,49,50,50,50,50,50,50,50,50,50,50,50,50,50,50,50,50,50,51,51,51,52,52,52,52,53,54,55,55,55,56,56,56,56,56,57,57,57,57,57,57,57,57,57,57,57,57,57
SARV-Model-067,8,12,12,13,18,18,23,24,26,27,28,29,30,33,33,34,35,35,35,35,35,37,37,38,38,39,39,40,40,40,41,41,41,41,43,44,44,45,46,47,47,47,48,48,48,48,48,48,48,49,49,49,49,49,49,49,49,50,50,50,51,52,52,53,53,53,53,53,53,54,54,54,54,54,55,55,55,56,56,57,57,57,57,58,58,58,59,59,59,59,59,59,60,60,60,60,60,60,61,61
SARV-Model-068,8,12,15,16,19,21,22,23,24,26,27,29,30,31,32,33,33,34,34,35,35,37,37,38,39,39,40,42,42,42,42,42,42,42,42,42,43,43,43,44,45,47,47,47,48,48,49,49,50,50,50,50,50,50,50,50,50,50,50,50,50,50,51,51,51,51,51,51,51,52,52,52,52,52,53,53,53,53,53,53,53,54,55,55,55,55,56,56,56,56,56,56,56,56,56,56,56,56,57,58
SARV-Model-069,9,13,14,16,19,25,25,25,29,29,31,31,32,33,34,35,37,37,37,37,38,39,40,41,41,41,42,43,43,43,43,44,44,45,45,47,48,48,48,48,48,48,49,49,49,51,53,53,53,54,55,55,59,59,59,59,59,60,60,60,60,60,60,60,60,61,61,61,61,61,61,61,63,63,63,63,64,64,64,64,65,65,65,65,65,65,65,65,65,65,65,65,65,65,65,65,65,67,67,67
SARV-Model-070,9,16,17,17,19,19,19,19,20,23,24,25,28,28,30,31,31,32,33,36,37,38,39,39,41,42,42,42,44,44,44,44,44,45,45,45,45,46,46,46,46,46,49,49,49,49,49,50,50,52,53,53,53,54,54,54,54,54,54,54,54,54,54,54,55,55,55,55,55,56,56,56,57,57,57,58,58,59,59,59,59,61,61,61,61,61,61,61,61,61,61,61,62,62,62,62,62,63,63,63
SARV-Model-071,8,11,11,13,13,16,17,19,19,21,23,25,27,27,28,30,30,31,31,31,31,31,33,35,35,35,35,36,36,36,36,36,36,36,37,37,40,41,42,42,42,42,42,42,42,42,42,44,44,44,44,44,45,45,45,45,47,47,47,48,48,48,48,48,48,48,48,48,49,49,49,49,51,51,52,53,53,53,53,53,53,53,53,53,53,54,55,55,55,55,55,55,55,55,55,55,55,56,56,56
SARV-Model-072,9,13,14,15,15,18,22,22,23,24,25,26,26,28,29,30,31,31,32,34,34,35,36,37,38,38,38,40,40,41,43,44,44,46,47,47,48,48,49,49,49,49,50,50,51,51,51,52,53,53,53,53,53,55,56,57,58,58,58,58,58,59,59,59,59,59,60,60,60,60,61,62,62,62,62,62,62,62,62,62,62,62,62,62,62,62,62,63,63,63,63,63,63,63,63,63,63,63,63,63
SARV-Model-073,8,12,14,16,18,19,21,25,27,30,31,33,37,38,39,40,42,42,42,42,43,43,43,43,43,43,43,46,46,46,47,47,49,49,50,51,51,51,53,54,55,55,55,55,55,55,55,55,56,56,56,57,57,57,57,58,58,58,58,58,58,59,59,59,59,59,59,59,59,59,59,59,59,59,59,59,59,59,59,59,59,59,59,59,60,60,60,60,60,60,60,60,60,61,61,61,61,61,61,61
SARV-Model-074,8,12,13,17,18,18,18,19,19,21,23,23,25,27,28,28,30,30,30,31,32,33,33,33,36,37,37,37,37,37,38,40,40,41,43,43,43,43,44,45,46,48,49,51,51,51,51,51,51,51,52,53,53,53,53,53,56,56,57,58,58,59,59,59,61,61,61,62,62,62,62,62,62,62,62,62,62,63,63,63,63,63,63,63,63,63,63,63,63,63,63,63,63,63,63,63,63,63,64,65
SARV-Model-075,9,11,12,12,13,14,17,18,20,21,22,23,25,31,33,34,34,34,34,34,35,38,40,40,41,41,42,42,43,45,45,45,45,45,45,45,46,46,48,48,48,49,49,49,49,49,49,49,51,51,52,52,53,54,54,55,55,56,56,56,57,57,57,57,58,58,58,58,59,59,59,59,59,59,59,59,60,61,61,61,61,61,61,61,61,61,61,61,61,61,61,61,62,62,62,63,63,63,63,63
SARV-Model-076,9,13,19,22,22,23,24,27,27,27,27,28,28,29,31,32,32,33,33,33,33,33,33,34,35,36,37,38,39,39,39,41,43,43,43,44,45,45,45,46,46,46,47,47,47,47,48,49,49,49,49,49,49,49,49,49,50,50,51,51,51,52,52,52,53,53,53,53,53,53,53,55,56,56,56,56,56,56,56,56,56,56,56,56,56,56,57,57,57,57,57,57,57,57,57,57,57,57,57,57
SARV-Model-077,9,12,16,18,20,21,21,24,27,28,28,29,29,30,30,31,31,32,33,35,35,35,35,35,38,40,40,41,41,42,43,45,45,45,45,46,47,47,48,49,49,49,49,50,50,50,50,50,50,50,51,51,51,51,51,51,51,51,51,51,51,51,52,52,52,52,52,52,52,53,53,53,53,53,53,55,55,55,55,55,55,55,55,55,55,55,55,55,55,55,55,56,56,56,56,56,58,59,59,59
SARV-Model-078,8,13,17,19,19,20,23,24,24,26,27,27,28,28,28,29,29,30,30,32,34,34,35,35,36,36,36,37,37,37,37,37,39,41,43,43,44,44,44,45,46,46,46,46,48,48,48,50,51,52,52,52,52,53,53,53,53,53,53,53,53,54,54,54,54,56,57,57,57,57,57,57,58,59,59,59,59,59,59,59,59,59,59,59,60,60,60,60,60,60,61,61,61,61,61,61,61,61,61,61
SARV-Model-079,8,9,13,14,17,18,21,22,25,25,25,25,27,28,29,29,31,33,33,33,33,33,33,35,35,35,35,39,40,40,40,40,40,41,41,41,42,42,42,44,44,44,44,44,45,45,45,45,46,47,47,48,48,48,49,50,50,50,50,50,50,50,50,50,52,52,52,52,52,52,52,52,52,52,52,53,53,54,56,57,57,57,57,58,58,58,58,58,58,58,58,58,58,59,59,59,59,59,59,59
SARV-Model-080,9,13,16,19,20,20,21,23,26,27,28,28,30,31,31,32,33,33,35,36,37,37,37,37,38,38,38,38,41,42,42,42,44,44,44,44,45,45,45,47,47,47,47,47,48,48,48,49,49,49,49,50,50,50,50,52,52,52,52,52,53,53,53,53,53,54,54,54,56,56,57,57,57,58,58,58,58,58,58,58,58,58,58,58,58,58,58,59,60,60,60,61,61,61,61,61,61,63,63,63
SARV-Model-081,9,15,16,16,19,21,21,23,26,27,28,29,29,30,30,30,30,30,30,31,32,32,35,35,36,37,37,38,38,38,39,39,40,40,40,40,40,41,42,43,46,47,48,48,48,48,48,48,48,48,48,48,48,48,49,49,50,50,50,50,50,50,50,51,52,52,52,52,52,53,53,53,53,54,55,56,56,56,57,57,57,57,58,58,58,58,58,59,59,59,59,59,59,59,60,61,61,61,61,61
SARV-Model-082,9,14,15,16,17,20,20,24,24,25,28,30,31,32,32,33,34,34,35,36,36,36,36,37,37,38,38,38,38,39,40,41,41,44,45,46,46,46,46,46,46,46,46,46,46,46,46,47,48,48,49,50,50,50,50,50,50,50,52,54,54,54,54,54,55,55,55,55,55,55,55,55,55,55,55,55,55,55,56,56,56,56,56,56,56,57,59,59,59,59,59,59,59,59,59,59,59,59,59,59
SARV-Model-083,8,13,14,18,19,20,25,25,26,28,29,30,31,32,34,34,35,35,35,35,35,36,36,37,39,40,40,41,42,43,43,43,43,44,44,46,46,47,47,47,47,48,49,49,49,49,50,50,50,50,50,50,51,51,51,51,51,51,51,51,51,51,51,51,51,51,51,51,51,51,52,52,52,53,53,53,53,53,54,54,54,54,54,54,54,54,56,56,57,57,57,57,57,57,57,58,58,58,59,59
SARV-Model-084,8,11,15,18,21,22,24,25,28,28,32,34,36,37,40,40,40,41,41,42,43,43,43,44,44,44,44,45,46,46,46,46,46,46,48,48,48,48,48,49,49,50,51,51,51,51,51,51,51,52,52,52,52,52,52,53,53,53,53,53,53,53,53,53,54,54,54,55,55,55,55,56,56,56,56,56,56,57,57,57,57,57,57,57,58,59,59,59,59,59,59,59,60,60,60,60,60,60,60,60
SARV-Model-085,8,11,14,17,17,19,20,22,22,24,26,26,26,28,29,29,29,29,29,31,32,32,34,34,36,40,40,40,40,41,41,41,41,41,42,42,43,43,43,44,44,47,47,47,48,48,48,48,48,48,48,48,48,48,48,48,48,48,48,48,48,48,49,50,50,52,52,52,52,52,54,54,54,56,56,58,58,58,58,58,58,58,58,58,58,58,58,58,58,58,58,58,58,58,59,60,60,60,60,60
SARV-Model-086,9,12,13,15,17,17,17,17,18,19,19,20,21,21,23,24,26,29,29,29,32,33,33,34,34,35,37,37,37,38,38,38,38,38,40,41,41,41,43,44,44,45,45,45,45,45,45,45,46,46,46,46,46,47,47,48,48,48,48,48,48,48,48,48,49,49,51,52,52,52,52,52,52,52,53,53,54,55,56,57,57,57,57,57,58,58,58,59,59,59,59,59,60,60,60,60,61,61,61,61
SARV-Model-087,9,18,19,19,21,22,22,23,23,23,25,26,27,28,28,28,28,29,29,29,34,35,35,37,37,37,39,39,39,39,40,42,42,42,42,43,43,44,45,45,46,46,46,47,47,48,48,49,49,49,49,49,49,50,50,50,50,50,50,50,50,50,51,51,51,51,52,52,53,54,54,54,55,56,56,56,56,56,56,56,56,56,56,57,57,57,57,57,58,58,58,58,58,58,59,60,60,61,61,61
SARV-Model-088,9,15,17,20,20,21,23,25,27,27,27,28,28,28,30,30,33,34,35,35,36,36,37,38,38,38,40,40,40,40,40,41,42,42,42,43,43,44,44,46,47,47,47,47,48,48,48,48,48,48,48,49,49,49,49,49,49,50,51,51,51,51,51,51,51,51,52,52,52,52,52,53,53,53,53,53,53,53,53,53,53,53,53,53,53,53,54,54,54,54,54,54,54,54,54,54,55,55,55,55
SARV-Model-089,9,13,15,18,18,20,22,24,25,25,27,28,29,29,30,31,32,33,33,35,35,35,36,37,38,38,39,39,39,39,40,42,42,42,42,42,42,42,42,42,42,42,42,42,46,46,46,46,46,46,46,46,46,46,46,46,46,46,46,46,47,48,48,49,50,50,50,50,51,52,52,52,52,52,52,52,55,55,55,55,55,55,56,56,56,57,58,58,58,59,59,60,60,60,61,61,61,62,62,62
SARV-Model-090,8,11,13,13,14,16,19,20,22,24,24,25,26,28,29,33,34,35,36,37,38,38,38,38,39,40,41,41,43,45,46,46,46,47,47,47,47,47,48,48,49,51,51,52,53,53,54,54,54,54,54,54,54,54,54,55,55,55,55,56,56,56,56,57,57,58,58,58,58,58,58,58,58,58,58,58,58,58,58,58,58,59,59,59,60,60,60,60,60,60,60,60,60,60,60,60,60,60,60,60
SARV-Model-091,8,10,11,13,15,17,20,22,22,23,23,26,28,28,28,29,30,30,33,34,36,38,38,38,39,41,42,44,45,46,47,48,50,51,51,51,52,52,53,53,53,53,55,55,55,55,55,55,57,57,57,57,57,58,58,59,59,59,60,62,62,62,62,62,62,62,62,62,63,63,63,64,64,64,64,64,64,64,64,64,64,64,64,64,64,64,64,64,65,65,65,65,65,65,65,65,65,65,65,66
SARV-Model-092,8,12,16,17,18,19,19,21,21,22,22,23,24,26,26,27,28,28,29,32,34,35,37,41,41,41,42,44,44,45,46,49,49,50,50,51,51,52,52,52,52,52,53,53,54,54,54,54,54,55,55,55,55,56,57,58,58,58,59,59,59,59,59,59,59,59,59,59,59,60,60,60,61,61,61,61,61,61,61,61,61,61,61,61,61,61,61,61,61,61,61,61,61,61,61,61,62,64,64,64
SARV-Model-093,8,12,15,21,22,24,24,26,26,29,34,34,34,36,36,36,36,38,40,42,42,43,43,45,46,47,47,48,48,49,51,52,54,55,55,55,55,55,55,55,55,56,56,56,56,56,56,57,57,57,57,57,57,57,57,57,57,57,57,57,57,57,57,58,58,58,58,58,59,59,60,60,60,61,61,61,61,61,61,62,62,63,63,63,63,63,63,63,63,63,63,63,63,63,63,63,63,63,63,63
SARV-Model-094,8,10,13,15,17,18,19,21,22,22,27,30,32,32,32,32,32,32,33,33,35,36,37,38,38,39,39,40,40,42,43,43,43,44,44,45,45,45,46,47,47,47,47,47,47,48,48,48,48,48,49,50,50,51,51,51,51,51,51,51,51,51,51,51,52,52,52,52,52,52,52,53,53,53,53,54,55,55,55,55,55,55,55,55,55,56,56,56,56,56,57,57,57,57,57,57,57,57,57,57
SARV-Model-095,8,10,12,16,20,21,21,23,23,24,28,28,28,30,31,33,33,34,34,34,34,34,35,36,36,37,37,39,39,40,40,40,41,42,42,42,42,42,42,43,44,45,45,45,45,47,47,49,49,50,51,52,52,52,52,53,53,54,55,55,55,55,56,56,56,56,56,57,57,57,58,58,58,58,58,58,58,58,58,59,59,59,59,60,60,60,60,61,61,61,61,61,61,61,61,62,62,62,62,62
SARV-Model-096,8,10,12,13,13,16,20,21,22,25,26,28,28,29,31,33,34,35,35,35,35,36,37,37,38,39,39,40,40,40,40,40,42,42,42,42,42,42,42,42,42,42,43,43,44,44,45,45,47,47,47,48,48,48,48,48,48,49,49,49,49,50,50,50,50,50,50,50,50,50,50,50,51,52,52,52,53,53,53,53,53,53,53,53,54,54,54,54,54,55,57,57,59,59,59,59,59,59,60,60
SARV-Model-097,8,12,15,18,19,20,22,23,23,25,27,29,30,31,34,35,36,38,38,38,38,38,38,38,40,41,41,42,42,42,42,42,42,42,43,43,44,44,45,45,45,46,48,48,48,48,48,49,49,50,50,51,51,51,51,51,51,51,52,52,52,52,52,52,52,52,52,53,53,54,55,55,55,55,55,55,56,56,56,56,57,57,57,57,58,59,59,59,59,59,59,59,59,59,59,59,59,59,59,59
SARV-Model-098,8,13,17,18,20,21,22,24,26,26,26,26,27,28,31,32,33,34,35,35,35,35,36,36,36,36,38,39,39,40,40,41,41,42,42,42,43,43,43,43,43,43,44,44,45,45,45,45,45,45,45,46,46,46,46,47,47,47,47,48,49,49,50,50,50,50,50,50,51,51,52,52,52,52,52,52,52,52,52,52,52,53,53,53,53,53,53,54,54,54,55,55,55,55,55,55,55,55,56,57
SARV-Model-099,9,12,16,18,20,23,26,28,30,32,35,36,38,38,38,38,41,41,43,43,44,46,48,48,48,49,50,50,50,51,51,51,52,52,52,53,54,55,55,56,56,56,56,56,57,57,57,57,58,59,59,59,60,60,60,60,60,60,60,60,60,60,60,60,60,60,60,60,61,63,63,64,64,64,64,64,64,64,64,64,64,65,66,66,66,67,67,67,67,67,67,67,67,67,67,67,67,67,67,67
SARV-Model-100,9,12,14,16,21,21,23,23,24,25,27,28,29,29,29,29,29,31,32,34,36,36,36,36,37,38,38,39,40,40,41,42,43,46,46,46,47,47,47,48,48,48,49,50,51,51,51,51,51,52,52,52,52,52,53,53,53,55,55,55,55,55,55,57,57,57,57,57,58,58,58,58,58,58,58,58,58,58,58,58,59,60,60,60,60,60,60,60,61,61,61,61,61,61,62,62,62,62,62,62
