Persona,N1,N2,N3,N4,N5,N6,N7,N8,N9,N10,N11,N12,N13,N14,N15,N16,N17,N18,N19,N20,N21,N22,N23,N24,N25,N26,N27,N28,N29,N30,N31,N32,N33,N34,N35,N36,N37,N38,N39,N40,N41,N42,N43,N44,N45,N46,N47,N48,N49,N50,N51,N52,N53,N54,N55,N56,N57,N58,N59,N60,N61,N62,N63,N64,N65,N66,N67,N68,N69,N70,N71,N72,N73,N74,N75,N76,N77,N78,N79,N80,N81,N82,N83,N84,N85,N86,N87,N88,N89,N90,N91,N92,N93,N94,N95,N96,N97,N98,N99,N100,N101,N102,N103,N104,N105,N106,N107,N108,N109,N110,N111,N112,N113,N114,N115,N116,N117,N118,N119,N120,N121,N122,N123,N124,N125,N126,N127,N128,N129,N130,N131,N132,N133,N134,N135,N136,N137,N138,N139,N140,N141,N142,N143,N144,N145,N146,N147,N148,N149,N150,N151,N152,N153,N154,N155,N156,N157,N158,N159,N160,N161,N162,N163,N164,N165,N166,N167,N168,N169,N170,N171,N172,N173,N174,N175,N176,N177,N178,N179,N180,N181,N182,N183,N184,N185,N186,N187,N188
N1,0,1,1,1,2,2,2,2,3,3,3,3,3,3,3,3,3,3,3,3,1,1,1,1,3,3,3,3,3,3,3,3,3,3,3,3,2,2,2,2,1,1,1,1,2,2,2,2,3,3,3,3,2,2,2,2,2,2,2,2,3,3,3,3,3,3,3,3,3,3,3,3,3,3,3,3,2,2,2,2,3,3,3,3,2,2,2,2,3,3,3,3,3,3,3,3,3,3,3,3,3,3,3,3,1,1,1,1,3,3,3,3,3,3,3,3,3,3,3,3,3,3,3,3,2,2,2,2,1,1,1,1,3,3,3,3,3,3,3,3,2,2,2,2,1,1,1,1,1,1,1,1,2,2,2,2,2,2,2,2,3,3,3,3,2,2,2,2,2,2,2,2,1,1,2,1,3,2,3,3,3,3,3,3,3,3,3,3
N2,1,0,1,1,2,2,2,2,3,3,3,3,3,3,3,3,3,3,3,3,1,1,1,1,3,3,3,3,3,3,3,3,3,3,3,3,2,2,2,2,1,1,1,1,2,2,2,2,3,3,2,2,2,2,2,2,2,2,2,2,3,3,3,3,3,3,3,3,3,3,3,3,3,3,3,3,2,2,2,2,3,3,3,3,2,2,2,2,3,3,3,3,3,3,3,3,3,3,3,3,3,3,3,3,1,1,1,1,3,3,3,3,3,3,3,3,3,3,3,3,3,3,3,3,2,2,2,2,1,1,1,1,3,3,3,3,3,3,3,3,2,2,2,2,1,1,1,1,1,1,1,1,2,2,2,2,2,2,2,2,3,3,3,3,2,2,2,2,2,2,2,2,2,2,2,2,2,2,3,2,3,3,3,3,3,3,3,3
N3,1,1,0,1,2,2,2,2,3,3,3,3,3,3,3,3,3,3,3,3,1,1,1,1,3,3,3,3,3,3,3,3,3,3,3,3,2,2,2,2,1,1,1,1,2,2,2,2,2,3,3,3,2,2,2,2,2,2,2,2,3,3,3,3,3,3,3,3,3,3,3,3,3,3,3,3,2,2,2,2,3,3,3,3,2,2,2,2,3,3,3,3,3,3,3,3,3,3,3,3,3,3,3,3,1,1,1,1,3,3,3,3,3,3,3,3,3,3,3,3,3,3,3,3,2,2,2,2,1,1,1,1,3,3,3,3,3,3,3,3,2,2,2,2,1,1,1,1,1,1,1,1,2,2,2,2,2,2,2,2,3,3,3,3,2,2,2,2,2,2,2,2,2,1,2,2,2,3,3,3,3,3,3,3,3,3,3,3
N4,1,1,1,0,2,2,2,2,3,3,3,3,3,3,3,3,3,3,3,3,1,1,1,1,3,3,3,3,3,3,3,3,3,3,3,3,2,2,2,2,1,1,1,1,2,2,2,2,3,3,2,2,2,2,2,2,2,2,2,2,3,3,3,3,3,3,3,3,3,3,3,3,3,3,3,3,2,2,2,2,3,3,3,3,2,2,2,2,3,3,3,3,3,3,3,3,3,3,3,3,3,3,3,3,1,1,1,1,3,3,3,3,3,3,3,3,3,3,3,3,3,3,3,3,2,2,2,2,1,1,1,1,3,3,3,3,3,3,3,3,2,2,2,2,1,1,1,1,1,1,1,1,2,2,2,2,2,2,2,2,3,3,3,3,2,2,2,2,2,2,2,2,2,2,2,2,2,3,3,3,3,3,3,3,3,3,3,3
N5,2,2,2,2,0,1,1,1,3,3,3,3,3,3,3,3,3,3,3,3,2,2,2,2,3,3,3,2,3,3,3,3,3,3,2,3,1,1,1,1,2,2,2,2,3,3,3,3,2,2,2,2,1,1,1,1,1,1,1,1,2,3,2,3,3,3,3,3,3,3,3,3,3,3,3,3,3,3,3,3,2,2,2,2,3,3,3,3,3,3,3,3,3,3,3,3,2,2,2,2,2,2,2,2,2,2,2,2,3,3,3,3,3,3,3,3,3,3,3,3,3,3,3,3,3,3,3,3,2,2,2,2,3,3,3,3,3,3,3,3,1,1,1,1,2,2,2,2,2,2,2,2,1,1,1,1,3,3,3,3,3,3,3,3,1,1,1,1,1,1,1,1,1,1,1,1,3,3,3,3,2,2,2,2,2,3,2,3
N6,2,2,2,2,1,0,1,1,3,3,3,3,3,3,3,3,3,3,3,3,2,2,2,2,2,3,3,3,3,3,3,3,3,2,2,3,1,1,1,1,1,2,2,1,3,3,3,3,2,2,2,2,1,1,1,1,1,1,1,1,2,2,3,3,3,3,3,3,3,3,3,3,3,3,3,3,3,3,3,3,2,2,2,2,3,3,3,3,3,3,3,3,3,3,3,3,2,2,2,2,2,2,2,2,2,2,2,2,3,3,3,3,3,3,3,3,3,3,3,3,3,3,3,3,3,3,3,3,2,2,2,2,3,3,3,3,3,3,3,3,1,1,1,1,2,2,2,2,2,2,2,2,1,1,1,1,3,3,3,3,3,3,3,3,1,1,1,1,1,1,1,1,1,1,1,1,3,3,3,3,2,2,2,2,3,3,2,3
N7,2,2,2,2,1,1,0,1,3,3,3,3,3,3,3,3,3,3,3,3,2,2,2,2,2,3,3,3,3,3,3,3,2,3,3,2,1,1,1,1,2,2,1,2,3,3,3,3,2,2,2,2,1,1,1,1,1,1,1,1,3,3,3,3,3,3,3,3,3,3,3,3,3,3,3,3,3,3,3,3,2,2,2,2,3,3,3,3,3,3,3,3,3,3,3,3,2,2,2,2,2,2,2,2,2,2,2,2,3,3,3,3,3,3,3,3,3,3,3,3,3,3,3,3,3,3,3,3,2,2,2,2,3,3,3,3,3,3,3,3,1,1,1,1,2,2,2,2,2,2,2,2,1,1,1,1,3,3,3,3,3,3,3,3,1,1,1,1,1,1,1,1,1,1,1,1,3,3,3,3,2,2,2,2,3,2,3,2
N8,2,2,2,2,1,1,1,0,3,3,3,3,3,3,3,3,3,3,3,3,2,2,2,2,2,3,2,2,3,3,3,3,2,3,3,3,1,1,1,1,2,2,1,2,3,3,3,3,2,2,2,2,1,1,1,1,1,1,1,1,3,2,2,3,3,3,3,3,3,3,3,3,3,3,3,3,3,3,3,3,2,2,2,2,3,3,3,3,3,3,3,3,3,3,3,3,2,2,2,2,2,2,2,2,2,2,2,2,3,3,3,3,3,3,3,3,3,3,3,3,3,3,3,3,3,3,3,3,2,2,2,2,3,3,3,3,3,3,3,3,1,1,1,1,2,2,2,2,2,2,2,2,1,1,1,1,3,3,3,3,3,3,3,3,1,1,1,1,1,1,1,1,1,1,1,1,3,3,3,3,2,2,2,2,3,3,3,3
N9,3,3,3,3,3,3,3,3,0,1,1,1,1,1,2,1,3,3,3,3,3,3,3,3,2,2,2,2,1,1,1,1,2,2,2,2,3,3,2,2,3,3,3,3,2,2,2,2,3,3,3,3,3,3,3,3,3,3,3,3,1,1,1,1,3,3,3,3,2,2,2,2,2,2,2,2,2,2,2,2,3,3,2,2,2,2,2,2,3,3,3,3,2,2,2,2,3,3,3,3,3,3,3,3,3,2,2,3,2,2,2,2,1,1,1,1,3,3,3,3,1,1,1,1,2,2,2,2,3,3,3,3,2,2,2,2,1,1,1,1,3,3,3,3,3,3,3,3,3,3,3,3,3,3,3,3,2,2,2,2,3,3,3,3,3,3,3,3,3,3,3,3,3,3,3,3,1,1,1,1,3,3,3,3,1,1,1,1
N10,3,3,3,3,3,3,3,3,1,0,1,1,1,1,2,2,3,3,3,3,3,3,3,3,2,2,2,2,1,1,1,1,2,2,2,2,3,3,3,3,3,3,3,3,2,2,2,2,3,3,3,3,3,3,3,3,3,3,3,3,1,1,1,1,3,3,3,3,2,2,2,2,2,2,2,2,2,2,2,2,3,2,3,3,2,2,2,2,3,3,3,3,2,2,2,2,3,3,3,3,3,3,3,3,3,3,3,2,2,2,2,2,1,1,1,1,3,3,3,3,1,1,1,1,2,2,2,2,3,3,3,3,2,2,2,2,1,1,1,1,3,3,3,3,3,3,3,3,3,3,3,3,3,3,3,3,2,2,2,2,3,3,3,3,3,3,3,3,3,3,3,3,3,3,3,3,1,1,1,1,3,3,3,3,1,1,1,1
N11,3,3,3,3,3,3,3,3,1,1,0,1,2,2,2,2,3,3,3,3,3,3,3,3,2,2,2,2,1,1,1,1,2,2,2,2,2,3,2,3,3,3,3,3,2,2,2,2,3,3,3,3,3,3,3,3,3,3,3,3,1,1,1,1,3,3,3,3,2,2,2,2,2,2,2,2,2,2,2,2,3,3,3,3,2,2,2,2,3,3,3,3,2,2,2,2,3,3,3,3,3,3,3,3,2,3,3,3,2,2,2,2,1,1,1,1,3,3,3,3,1,1,1,1,2,2,2,2,3,3,3,3,2,2,2,2,1,1,1,1,3,3,3,3,3,3,3,3,3,3,3,3,3,3,3,3,2,2,2,2,3,3,3,3,3,3,3,3,3,3,3,3,3,3,3,3,1,1,1,1,3,3,3,3,1,1,1,1
N12,3,3,3,3,3,3,3,3,1,1,1,0,2,2,1,2,3,3,3,3,3,3,3,3,2,2,2,2,1,1,1,1,2,2,2,2,3,3,2,2,3,3,3,3,2,2,2,2,3,3,3,3,3,3,3,3,3,3,3,3,1,1,1,1,3,3,3,3,2,2,2,2,2,2,2,2,2,2,2,2,2,3,3,3,2,2,2,2,3,3,3,3,2,2,2,2,3,3,3,3,3,3,3,3,2,3,3,3,2,2,2,2,1,1,1,1,3,3,3,3,1,1,1,1,2,2,2,2,3,3,3,3,2,2,2,2,1,1,1,1,3,3,3,3,3,3,3,3,3,3,3,3,3,3,3,3,2,2,2,2,3,3,3,3,3,3,3,3,3,3,3,3,3,3,3,3,1,1,1,1,3,3,3,3,1,1,1,1
N13,3,3,3,3,3,3,3,3,1,1,2,2,0,1,1,1,3,3,3,3,3,3,3,3,1,1,1,1,2,2,2,2,1,1,1,1,3,3,2,3,3,3,3,3,3,3,3,3,3,3,3,3,3,3,3,3,3,3,3,3,2,2,2,2,3,3,3,3,1,1,1,1,1,1,1,1,3,3,3,3,2,3,2,3,3,3,3,3,3,3,3,3,1,1,1,1,3,3,3,3,3,3,3,3,2,2,3,2,1,1,1,1,2,2,2,2,3,3,3,3,2,2,2,2,3,3,3,3,3,3,3,3,1,1,1,1,2,2,2,2,3,3,3,3,3,3,3,3,3,3,3,3,3,3,3,3,3,3,3,3,3,3,3,3,3,3,3,3,3,3,3,3,3,3,3,3,2,2,2,2,3,3,3,3,2,2,2,2
N14,3,3,3,3,3,3,3,3,1,1,2,2,1,0,1,1,3,3,3,3,3,3,3,3,1,1,1,1,2,2,2,2,1,1,1,1,3,3,3,3,3,3,3,3,3,3,3,3,3,3,3,3,3,3,3,3,3,3,3,3,2,2,2,2,3,3,3,3,1,1,1,1,1,1,1,1,3,3,3,3,3,3,3,2,3,3,3,3,3,3,3,3,1,1,1,1,3,3,3,3,3,3,3,3,3,2,3,2,1,1,1,1,2,2,2,2,3,3,3,3,2,2,2,2,3,3,3,3,3,3,3,3,1,1,1,1,2,2,2,2,3,3,3,3,3,3,3,3,3,3,3,3,3,3,3,3,3,3,3,3,3,3,3,3,3,3,3,3,3,3,3,3,3,3,3,3,2,2,2,2,3,3,3,3,2,2,2,2
N15,3,3,3,3,3,3,3,3,2,2,2,1,1,1,0,1,3,3,3,3,3,3,3,3,1,1,1,1,2,2,2,2,1,1,1,1,2,3,2,3,3,3,3,3,3,3,3,3,3,3,3,3,3,3,3,3,3,3,3,3,2,2,2,2,3,3,3,3,1,1,1,1,1,1,1,1,3,3,3,3,2,2,2,2,3,3,3,3,3,3,3,3,1,1,1,1,3,3,3,3,3,3,3,3,2,2,3,3,1,1,1,1,2,2,2,2,3,3,3,3,2,2,2,2,3,3,3,3,3,3,3,3,1,1,1,1,2,2,2,2,3,3,3,3,3,3,3,3,3,3,3,3,3,3,3,3,3,3,3,3,3,3,3,3,3,3,3,3,3,3,3,3,3,3,3,3,2,2,2,2,3,3,3,3,2,2,2,2
N16,3,3,3,3,3,3,3,3,1,2,2,2,1,1,1,0,3,3,3,3,3,3,3,3,1,1,1,1,2,2,2,2,1,1,1,1,2,2,2,3,3,3,3,3,3,3,3,3,3,3,3,3,3,3,3,3,3,3,3,3,2,2,2,2,3,3,3,3,1,1,1,1,1,1,1,1,3,3,3,3,2,2,3,3,3,3,3,3,3,3,3,3,1,1,1,1,3,3,3,3,3,3,3,3,3,2,3,2,1,1,1,1,2,2,2,2,3,3,3,3,2,2,2,2,3,3,3,3,3,3,3,3,1,1,1,1,2,2,2,2,3,3,3,3,3,3,3,3,3,3,3,3,3,3,3,3,3,3,3,3,3,3,3,3,3,3,3,3,3,3,3,3,3,3,3,3,2,2,2,2,3,3,3,3,2,2,2,2
N17,3,3,3,3,3,3,3,3,3,3,3,3,3,3,3,3,0,1,1,1,3,3,3,3,3,3,3,3,3,3,3,3,3,3,3,3,3,3,3,3,3,3,3,3,3,3,3,3,2,2,2,2,3,3,3,3,3,3,3,3,3,3,3,3,1,1,1,1,3,3,3,3,3,3,3,3,3,3,3,3,2,2,2,2,3,3,3,2,1,1,1,1,3,3,3,3,2,2,2,2,2,2,2,2,3,3,3,3,3,3,3,3,3,3,3,3,1,1,1,1,2,3,2,3,3,3,3,3,3,3,3,3,3,3,3,3,3,3,3,3,3,3,3,3,3,3,3,3,3,3,3,3,3,3,3,3,3,3,3,3,1,1,1,1,3,3,3,3,3,3,3,3,3,3,3,3,3,3,3,3,2,2,2,2,3,3,3,3
N18,3,3,3,3,3,3,3,3,3,3,3,3,3,3,3,3,1,0,1,1,3,3,3,3,3,3,3,3,3,3,3,3,3,3,3,3,3,3,3,3,3,3,3,3,3,3,3,3,2,2,2,2,3,3,3,3,3,3,3,3,3,3,3,3,1,1,1,1,3,3,3,3,3,3,3,3,3,3,3,3,2,2,2,2,3,3,2,2,1,1,1,1,3,3,3,3,2,2,2,2,2,2,2,2,3,3,3,3,3,3,3,3,3,3,3,3,1,1,1,1,3,3,3,3,3,3,3,3,3,3,3,3,3,3,3,3,3,3,3,3,3,3,3,3,3,3,3,3,3,3,3,3,3,3,3,3,3,3,3,3,1,1,1,1,3,3,3,3,3,3,3,3,3,3,3,3,3,3,3,3,2,2,2,2,3,3,3,3
N19,3,3,3,3,3,3,3,3,3,3,3,3,3,3,3,3,1,1,0,1,3,3,3,3,3,3,3,3,3,3,3,3,3,3,3,3,3,3,3,3,3,3,3,3,3,3,3,3,2,2,2,2,3,3,3,3,3,3,3,3,3,3,3,3,1,1,1,1,3,3,3,3,3,3,3,3,3,3,3,3,2,2,2,2,2,3,3,2,1,1,1,1,3,3,3,3,2,2,2,2,2,2,2,2,3,3,3,3,3,3,3,3,3,3,3,3,1,1,1,1,3,3,3,3,3,3,3,3,3,3,3,3,3,3,3,3,3,3,3,3,3,3,3,3,3,3,3,3,3,3,3,3,3,3,3,3,3,3,3,3,1,1,1,1,3,3,3,3,3,3,3,3,3,3,3,3,3,3,3,3,2,2,2,2,3,3,3,3
N20,3,3,3,3,3,3,3,3,3,3,3,3,3,3,3,3,1,1,1,0,3,3,3,3,3,3,3,3,3,3,3,3,3,3,3,3,3,3,3,3,3,3,3,3,3,3,3,3,2,2,2,2,3,3,3,3,3,3,3,3,3,3,3,3,1,1,1,1,3,3,3,3,3,3,3,3,3,3,3,3,2,2,2,2,3,2,3,2,1,1,1,1,3,3,3,3,2,2,2,2,2,2,2,2,3,3,3,3,3,3,3,3,3,3,3,3,1,1,1,1,2,3,2,3,3,3,3,3,3,3,3,3,3,3,3,3,3,3,3,3,3,3,3,3,3,3,3,3,3,3,3,3,3,3,3,3,3,3,3,3,1,1,1,1,3,3,3,3,3,3,3,3,3,3,3,3,3,3,3,3,2,2,2,2,3,3,3,3
N21,1,1,1,1,2,2,2,2,3,3,3,3,3,3,3,3,3,3,3,3,0,1,1,1,3,3,3,3,3,3,3,3,3,3,3,3,2,2,2,2,1,1,1,1,2,2,2,2,3,3,2,3,2,2,2,2,2,2,2,2,3,3,3,3,3,3,3,3,3,3,3,3,3,3,3,3,2,2,2,2,3,3,3,3,2,2,2,2,3,3,3,3,3,3,3,3,3,3,3,3,3,3,3,3,1,1,1,1,3,3,3,3,3,3,3,3,3,3,3,3,3,3,3,3,2,2,2,2,1,1,1,1,3,3,3,3,3,3,3,3,2,2,2,2,1,1,1,1,1,1,1,1,2,2,2,2,2,2,2,2,3,3,3,3,2,2,2,2,2,2,2,2,2,2,2,1,2,2,2,2,3,3,3,3,3,3,3,3
N22,1,1,1,1,2,2,2,2,3,3,3,3,3,3,3,3,3,3,3,3,1,0,1,1,3,3,3,3,3,3,3,3,3,3,3,3,2,2,2,2,1,1,1,1,2,2,2,2,3,3,2,2,2,2,2,2,2,2,2,2,3,3,3,3,3,3,3,3,3,3,3,3,3,3,3,3,2,2,2,2,3,3,3,3,2,2,2,2,3,3,3,3,3,3,3,3,3,3,3,3,3,3,3,3,1,1,1,1,3,3,3,3,3,3,3,3,3,3,3,3,3,3,3,3,2,2,2,2,1,1,1,1,3,3,3,3,3,3,3,3,2,2,2,2,1,1,1,1,1,1,1,1,2,2,2,2,2,2,2,2,3,3,3,3,2,2,2,2,2,2,2,2,2,1,2,1,3,3,3,3,3,3,3,3,3,3,3,3
N23,1,1,1,1,2,2,2,2,3,3,3,3,3,3,3,3,3,3,3,3,1,1,0,1,3,3,3,3,3,3,3,3,3,3,3,3,2,2,2,2,1,1,1,1,2,2,2,2,3,2,2,2,2,2,2,2,2,2,2,2,3,3,3,3,3,3,3,3,3,3,3,3,3,3,3,3,2,2,2,2,3,3,3,3,2,2,2,2,3,3,3,3,3,3,3,3,3,3,3,3,3,3,3,3,1,1,1,1,3,3,3,3,3,3,3,3,3,3,3,3,3,3,3,3,2,2,2,2,1,1,1,1,3,3,3,3,3,3,3,3,2,2,2,2,1,1,1,1,1,1,1,1,2,2,2,2,2,2,2,2,3,3,3,3,2,2,2,2,2,2,2,2,1,1,2,2,3,3,3,2,3,3,3,3,3,3,3,3
N24,1,1,1,1,2,2,2,2,3,3,3,3,3,3,3,3,3,3,3,3,1,1,1,0,3,3,3,3,3,3,3,3,3,3,3,3,2,2,2,2,1,1,1,1,2,2,2,2,2,3,3,3,2,2,2,2,2,2,2,2,3,3,3,3,3,3,3,3,3,3,3,3,3,3,3,3,2,2,2,2,3,3,3,3,2,2,2,2,3,3,3,3,3,3,3,3,3,3,3,3,3,3,3,3,1,1,1,1,3,3,3,3,3,3,3,3,3,3,3,3,3,3,3,3,2,2,2,2,1,1,1,1,3,3,3,3,3,3,3,3,2,2,2,2,1,1,1,1,1,1,1,1,2,2,2,2,2,2,2,2,3,3,3,3,2,2,2,2,2,2,2,2,2,1,1,2,2,3,3,3,3,3,3,3,3,3,3,3
N25,3,3,3,3,3,2,2,2,2,2,2,2,1,1,1,1,3,3,3,3,3,3,3,3,0,1,1,1,2,2,2,2,1,1,1,1,3,3,3,3,3,2,3,2,3,3,3,3,3,3,3,3,3,3,3,3,3,3,3,3,2,2,1,2,3,3,3,3,1,1,1,1,1,1,1,1,3,3,3,3,3,3,3,3,3,3,3,3,3,3,3,3,1,1,1,1,3,3,3,3,3,3,3,3,3,3,3,3,1,1,1,1,2,2,2,2,3,3,3,3,2,2,2,2,3,3,3,3,3,3,3,3,1,1,1,1,2,2,2,2,3,3,3,3,3,3,3,3,3,3,3,3,3,3,3,3,3,3,3,3,3,3,3,3,3,3,3,2,3,3,3,3,3,3,3,3,2,2,2,2,3,3,3,3,2,1,1,2
N26,3,3,3,3,3,3,3,3,2,2,2,2,1,1,1,1,3,3,3,3,3,3,3,3,1,0,1,1,2,2,2,2,1,1,1,1,3,3,3,3,3,2,3,2,3,3,3,3,3,3,3,3,3,3,3,3,3,3,3,3,2,2,2,1,3,3,3,3,1,1,1,1,1,1,1,1,3,3,3,3,3,3,3,3,3,3,3,3,3,3,3,3,1,1,1,1,3,3,3,3,3,3,3,3,3,3,3,3,1,1,1,1,2,2,2,2,3,3,3,3,2,2,2,2,3,3,3,3,3,3,3,3,1,1,1,1,2,2,2,2,3,3,3,3,3,3,3,3,3,3,3,3,3,3,3,3,3,3,3,3,3,3,3,3,2,3,3,3,3,3,3,3,3,3,3,3,2,2,2,2,3,3,3,3,1,1,2,2
N27,3,3,3,3,3,3,3,2,2,2,2,2,1,1,1,1,3,3,3,3,3,3,3,3,1,1,0,1,2,2,2,2,1,1,1,1,3,3,3,3,3,2,3,2,3,3,3,3,3,3,3,3,3,3,3,3,3,3,3,3,2,2,1,2,3,3,3,3,1,1,1,1,1,1,1,1,3,3,3,3,3,3,3,3,3,3,3,3,3,3,3,3,1,1,1,1,3,3,3,3,3,3,3,3,3,3,3,3,1,1,1,1,2,2,2,2,3,3,3,3,2,2,2,2,3,3,3,3,3,3,3,3,1,1,1,1,2,2,2,2,3,3,3,3,3,3,3,3,3,3,3,3,3,3,3,3,3,3,3,3,3,3,3,3,2,2,3,2,3,3,3,3,3,3,3,3,2,2,2,2,3,3,3,3,2,2,2,1
N28,3,3,3,3,2,3,3,2,2,2,2,2,1,1,1,1,3,3,3,3,3,3,3,3,1,1,1,0,2,2,2,2,1,1,1,1,3,3,3,3,3,3,2,3,3,3,3,3,3,3,3,3,3,3,3,3,3,3,3,3,2,1,2,1,3,3,3,3,1,1,1,1,1,1,1,1,3,3,3,3,3,3,3,3,3,3,3,3,3,3,3,3,1,1,1,1,3,3,3,3,3,3,3,3,3,3,3,3,1,1,1,1,2,2,2,2,3,3,3,3,2,2,2,2,3,3,3,3,3,3,3,3,1,1,1,1,2,2,2,2,3,3,3,3,3,3,3,3,3,3,3,3,3,3,3,3,3,3,3,3,3,3,3,3,2,2,3,3,3,3,3,3,3,3,3,3,2,2,2,2,3,3,3,3,1,2,2,2
N29,3,3,3,3,3,3,3,3,1,1,1,1,2,2,2,2,3,3,3,3,3,3,3,3,2,2,2,2,0,1,1,1,2,2,2,2,3,3,3,3,3,3,3,3,2,2,2,2,3,3,3,3,3,3,3,3,3,3,3,3,1,1,1,1,3,3,3,3,2,2,2,2,2,2,2,2,2,2,2,2,3,3,3,3,2,2,2,2,3,3,3,3,2,2,2,2,3,3,3,2,3,3,3,3,3,3,3,3,2,2,2,2,1,1,1,1,3,3,3,3,1,1,1,1,2,2,2,2,3,3,3,3,2,2,2,2,1,1,1,1,3,3,3,3,3,3,3,3,3,3,3,3,3,3,3,3,2,2,2,2,3,3,3,3,3,3,3,3,3,3,3,3,3,3,3,3,1,1,1,1,3,3,3,3,1,1,1,1
N30,3,3,3,3,3,3,3,3,1,1,1,1,2,2,2,2,3,3,3,3,3,3,3,3,2,2,2,2,1,0,1,1,2,2,2,2,3,3,3,3,3,3,3,3,2,2,2,2,3,3,3,3,3,3,3,3,3,3,3,3,1,1,1,1,3,3,3,3,2,2,2,2,2,2,2,2,2,2,2,2,3,3,3,3,2,2,2,2,3,3,3,3,2,2,2,2,3,3,3,3,3,3,3,3,3,3,3,3,2,2,2,2,1,1,1,1,3,3,3,3,1,1,1,1,2,2,2,2,3,3,3,3,2,2,2,2,1,1,1,1,3,3,3,3,3,3,3,2,3,3,3,3,3,3,3,3,2,2,2,2,3,3,3,3,3,3,3,3,3,3,3,3,3,3,3,3,1,1,1,1,3,3,3,3,1,1,1,1
N31,3,3,3,3,3,3,3,3,1,1,1,1,2,2,2,2,3,3,3,3,3,3,3,3,2,2,2,2,1,1,0,1,2,2,2,2,3,3,3,3,3,3,3,3,2,2,2,2,3,3,3,3,3,3,3,3,3,3,3,3,1,1,1,1,3,3,3,3,2,2,2,2,2,2,2,2,2,2,2,2,3,3,3,3,2,2,2,2,3,3,3,3,2,2,2,2,3,3,2,3,3,3,3,3,3,3,3,3,2,2,2,2,1,1,1,1,3,3,3,3,1,1,1,1,2,2,2,2,3,3,3,3,2,2,2,2,1,1,1,1,3,3,3,3,3,2,3,2,3,3,3,3,3,3,3,3,2,2,2,2,3,3,3,3,3,3,3,3,3,3,3,3,3,3,3,3,1,1,1,1,3,3,3,3,1,1,1,1
N32,3,3,3,3,3,3,3,3,1,1,1,1,2,2,2,2,3,3,3,3,3,3,3,3,2,2,2,2,1,1,1,0,2,2,2,2,3,3,3,3,3,3,3,3,2,2,2,2,3,3,3,3,3,3,3,3,3,3,3,3,1,1,1,1,3,3,3,3,2,2,2,2,2,2,2,2,2,2,2,2,3,3,3,3,2,2,2,2,3,3,3,3,2,2,2,2,3,3,3,3,3,3,3,3,3,3,3,3,2,2,2,2,1,1,1,1,3,3,3,3,1,1,1,1,2,2,2,2,3,3,3,3,2,2,2,2,1,1,1,1,3,3,3,3,2,3,3,2,3,3,3,3,3,3,3,3,2,2,2,2,3,3,3,3,3,3,3,3,3,3,3,3,3,3,3,3,1,1,1,1,3,3,3,3,1,1,1,1
N33,3,3,3,3,3,3,2,2,2,2,2,2,1,1,1,1,3,3,3,3,3,3,3,3,1,1,1,1,2,2,2,2,0,1,1,1,3,3,3,3,2,2,2,2,3,3,3,3,3,3,3,3,3,3,3,3,3,3,3,3,2,2,1,2,3,3,3,3,1,1,1,1,1,1,1,1,3,3,3,3,3,3,3,3,3,3,3,3,3,3,3,3,1,1,1,1,3,3,3,3,3,3,3,3,3,3,3,3,1,1,1,1,2,2,2,2,3,3,3,3,2,2,2,2,3,3,3,3,3,3,3,3,1,1,1,1,2,2,2,2,3,3,3,3,3,3,3,3,3,3,3,3,3,3,3,3,3,3,3,3,3,3,3,3,2,2,2,3,3,3,3,3,3,3,3,3,2,2,2,2,3,3,3,3,2,2,2,2
N34,3,3,3,3,3,2,3,3,2,2,2,2,1,1,1,1,3,3,3,3,3,3,3,3,1,1,1,1,2,2,2,2,1,0,1,1,3,3,3,3,3,2,3,3,3,3,3,3,3,3,3,3,3,3,3,3,3,3,3,3,2,2,2,2,3,3,3,3,1,1,1,1,1,1,1,1,3,3,3,3,3,3,3,3,3,3,3,3,3,3,3,3,1,1,1,1,3,3,3,3,3,3,3,3,3,3,3,3,1,1,1,1,2,2,2,2,3,3,3,3,2,2,2,2,3,3,3,3,3,3,3,3,1,1,1,1,2,2,2,2,3,3,3,3,3,3,3,3,3,3,3,3,3,3,3,3,3,3,3,3,3,3,3,3,3,3,2,3,3,3,3,3,3,3,3,3,2,2,2,2,3,3,3,3,2,1,2,1
N35,3,3,3,3,2,2,3,3,2,2,2,2,1,1,1,1,3,3,3,3,3,3,3,3,1,1,1,1,2,2,2,2,1,1,0,1,3,3,3,3,3,2,3,3,3,3,3,3,3,3,3,3,3,3,3,3,3,3,3,3,2,2,1,2,3,3,3,3,1,1,1,1,1,1,1,1,3,3,3,3,3,3,3,3,3,3,3,3,3,3,3,3,1,1,1,1,3,3,3,3,3,3,3,3,3,3,3,3,1,1,1,1,2,2,2,2,3,3,3,3,2,2,2,2,3,3,3,3,3,3,3,3,1,1,1,1,2,2,2,2,3,3,3,3,3,3,3,3,3,3,3,3,3,3,3,3,3,3,3,3,3,3,3,3,2,3,3,3,3,3,3,3,3,3,3,3,2,2,2,2,3,3,3,3,2,2,2,2
N36,3,3,3,3,3,3,2,3,2,2,2,2,1,1,1,1,3,3,3,3,3,3,3,3,1,1,1,1,2,2,2,2,1,1,1,0,3,3,3,3,2,3,2,3,3,3,3,3,3,3,3,3,3,3,3,3,3,3,3,3,2,2,2,2,3,3,3,3,1,1,1,1,1,1,1,1,3,3,3,3,3,3,3,3,3,3,3,3,3,3,3,3,1,1,1,1,3,3,3,3,3,3,3,3,3,3,3,3,1,1,1,1,2,2,2,2,3,3,3,3,2,2,2,2,3,3,3,3,3,3,3,3,1,1,1,1,2,2,2,2,3,3,3,3,3,3,3,3,3,3,3,3,3,3,3,3,3,3,3,3,3,3,3,3,3,3,3,2,3,3,3,3,3,3,3,3,2,2,2,2,3,3,3,3,2,2,2,2
N37,2,2,2,2,1,1,1,1,3,3,2,3,3,3,2,2,3,3,3,3,2,2,2,2,3,3,3,3,3,3,3,3,3,3,3,3,0,1,1,1,2,2,2,2,3,3,3,3,2,2,2,2,1,1,1,1,1,1,1,1,3,3,3,3,3,3,3,3,3,3,3,3,3,3,3,3,3,3,3,3,1,2,2,2,3,3,3,3,3,3,3,3,3,3,3,3,2,2,2,2,2,2,2,2,1,1,2,1,3,3,3,3,3,3,3,3,3,3,3,3,3,3,3,3,3,3,3,3,2,2,2,2,3,3,3,3,3,3,3,3,1,1,1,1,2,2,2,2,2,2,2,2,1,1,1,1,3,3,3,3,3,3,3,3,1,1,1,1,1,1,1,1,1,1,1,1,3,3,3,3,2,2,2,2,3,3,3,3
N38,2,2,2,2,1,1,1,1,3,3,3,3,3,3,3,2,3,3,3,3,2,2,2,2,3,3,3,3,3,3,3,3,3,3,3,3,1,0,1,1,2,2,2,2,3,3,3,3,2,2,2,2,1,1,1,1,1,1,1,1,3,3,3,3,3,3,3,3,3,3,3,3,3,3,3,3,3,3,3,3,2,2,2,1,3,3,3,3,3,3,3,3,3,3,3,3,2,2,2,2,2,2,2,2,2,1,1,2,3,3,3,3,3,3,3,3,3,3,3,3,3,3,3,3,3,3,3,3,2,2,2,2,3,3,3,3,3,3,3,3,1,1,1,1,2,2,2,2,2,2,2,2,1,1,1,1,3,3,3,3,3,3,3,3,1,1,1,1,1,1,1,1,1,1,1,1,3,3,3,3,2,2,2,2,3,3,3,3
N39,2,2,2,2,1,1,1,1,2,3,2,2,2,3,2,2,3,3,3,3,2,2,2,2,3,3,3,3,3,3,3,3,3,3,3,3,1,1,0,1,2,2,2,2,3,3,3,3,2,2,2,2,1,1,1,1,1,1,1,1,3,3,3,3,3,3,3,3,3,3,3,3,3,3,3,3,3,3,3,3,2,1,2,2,3,3,3,3,3,3,3,3,3,3,3,3,2,2,2,2,2,2,2,2,1,1,2,2,3,3,3,3,3,3,3,3,3,3,3,3,3,3,3,3,3,3,3,3,2,2,2,2,3,3,3,3,3,3,3,3,1,1,1,1,2,2,2,2,2,2,2,2,1,1,1,1,3,3,3,3,3,3,3,3,1,1,1,1,1,1,1,1,1,1,1,1,3,3,3,3,2,2,2,2,3,3,3,3
N40,2,2,2,2,1,1,1,1,2,3,3,2,3,3,3,3,3,3,3,3,2,2,2,2,3,3,3,3,3,3,3,3,3,3,3,3,1,1,1,0,2,2,2,2,3,3,3,3,2,2,2,2,1,1,1,1,1,1,1,1,3,3,3,3,3,3,3,3,3,3,3,3,3,3,3,3,3,3,3,3,2,1,1,2,3,3,3,3,3,3,3,3,3,3,3,3,2,2,2,2,2,2,2,2,2,2,2,2,3,3,3,3,3,3,3,3,3,3,3,3,3,3,3,3,3,3,3,3,2,2,2,2,3,3,3,3,3,3,3,3,1,1,1,1,2,2,2,2,2,2,2,2,1,1,1,1,3,3,3,3,3,3,3,3,1,1,1,1,1,1,1,1,1,1,1,1,3,3,3,3,2,2,2,2,3,3,3,3
N41,1,1,1,1,2,1,2,2,3,3,3,3,3,3,3,3,3,3,3,3,1,1,1,1,3,3,3,3,3,3,3,3,2,3,3,2,2,2,2,2,0,1,1,1,2,2,2,2,3,3,3,3,2,2,2,2,2,2,2,2,3,3,3,2,3,3,3,3,3,3,3,3,3,3,3,3,2,2,2,2,3,3,3,3,2,2,2,2,3,3,3,3,3,3,3,3,3,3,3,3,3,3,3,3,1,1,1,1,3,3,3,3,3,3,3,3,3,3,3,3,3,3,3,3,2,2,2,2,1,1,1,1,3,3,3,3,3,3,3,3,2,2,2,2,1,1,1,1,1,1,1,1,2,2,2,2,2,2,2,2,3,3,3,3,1,2,1,2,2,2,2,2,2,2,2,2,3,3,3,3,3,3,3,3,3,3,2,3
N42,1,1,1,1,2,2,2,2,3,3,3,3,3,3,3,3,3,3,3,3,1,1,1,1,2,2,2,3,3,3,3,3,2,2,2,3,2,2,2,2,1,0,1,1,2,2,2,2,3,3,3,3,2,2,2,2,2,2,2,2,3,3,2,2,3,3,3,3,3,3,3,3,3,3,3,3,2,2,2,2,3,3,3,3,2,2,2,2,3,3,3,3,3,3,3,3,3,3,3,3,3,3,3,3,1,1,1,1,3,3,3,3,3,3,3,3,3,3,3,3,3,3,3,3,2,2,2,2,1,1,1,1,3,3,3,3,3,3,3,3,2,2,2,2,1,1,1,1,1,1,1,1,2,2,2,2,2,2,2,2,3,3,3,3,2,2,1,1,2,2,2,2,2,2,2,2,3,3,3,3,3,3,3,3,3,3,3,2
N43,1,1,1,1,2,2,1,1,3,3,3,3,3,3,3,3,3,3,3,3,1,1,1,1,3,3,3,2,3,3,3,3,2,3,3,2,2,2,2,2,1,1,0,1,2,2,2,2,3,3,3,3,2,2,2,2,2,2,2,2,2,3,2,2,3,3,3,3,3,3,3,3,3,3,3,3,2,2,2,2,3,3,3,3,2,2,2,2,3,3,3,3,3,3,3,3,3,3,3,3,3,3,3,3,1,1,1,1,3,3,3,3,3,3,3,3,3,3,3,3,3,3,3,3,2,2,2,2,1,1,1,1,3,3,3,3,3,3,3,3,2,2,2,2,1,1,1,1,1,1,1,1,2,2,2,2,2,2,2,2,3,3,3,3,2,2,2,2,2,2,2,2,2,2,2,2,3,3,3,3,3,3,3,3,2,3,2,3
N44,1,1,1,1,2,1,2,2,3,3,3,3,3,3,3,3,3,3,3,3,1,1,1,1,2,2,2,3,3,3,3,3,2,3,3,3,2,2,2,2,1,1,1,0,2,2,2,2,3,3,3,3,2,2,2,2,2,2,2,2,3,3,3,3,3,3,3,3,3,3,3,3,3,3,3,3,2,2,2,2,3,3,3,3,2,2,2,2,3,3,3,3,3,3,3,3,3,3,3,3,3,3,3,3,1,1,1,1,3,3,3,3,3,3,3,3,3,3,3,3,3,3,3,3,2,2,2,2,1,1,1,1,3,3,3,3,3,3,3,3,2,2,2,2,1,1,1,1,1,1,1,1,2,2,2,2,2,2,2,2,3,3,3,3,2,1,2,1,2,2,2,2,2,2,2,2,3,3,3,3,3,3,3,3,3,3,3,2
N45,2,2,2,2,3,3,3,3,2,2,2,2,3,3,3,3,3,3,3,3,2,2,2,2,3,3,3,3,2,2,2,2,3,3,3,3,3,3,3,3,2,2,2,2,0,1,1,1,3,3,3,3,3,3,3,3,3,3,3,3,2,2,2,2,3,3,3,3,3,3,3,3,3,3,3,3,1,1,1,1,3,3,3,3,1,1,1,1,3,3,3,3,3,3,3,3,3,3,3,3,3,3,3,3,2,2,2,2,3,3,3,3,1,2,2,2,3,3,3,3,2,2,2,2,1,1,1,1,2,2,2,2,3,3,3,3,2,2,2,2,3,3,3,3,2,2,2,2,2,2,2,2,3,3,3,3,1,1,1,1,3,3,3,3,3,3,3,3,3,3,3,3,3,3,3,3,2,2,2,2,3,3,3,3,2,2,2,2
N46,2,2,2,2,3,3,3,3,2,2,2,2,3,3,3,3,3,3,3,3,2,2,2,2,3,3,3,3,2,2,2,2,3,3,3,3,3,3,3,3,2,2,2,2,1,0,1,1,3,3,3,3,3,3,3,3,3,3,3,3,2,2,2,2,3,3,3,3,3,3,3,3,3,3,3,3,1,1,1,1,3,3,3,3,1,1,1,1,3,3,3,3,3,3,2,3,3,3,3,3,3,3,3,3,2,2,2,2,3,3,3,3,2,2,2,2,3,3,3,3,2,2,2,2,1,1,1,1,2,2,2,2,3,3,3,3,1,2,2,2,3,3,3,3,2,2,2,2,2,2,2,2,3,3,3,3,1,1,1,1,3,3,3,3,3,3,3,3,3,3,3,3,3,3,3,3,2,2,2,2,3,3,3,3,2,2,2,2
N47,2,2,2,2,3,3,3,3,2,2,2,2,3,3,3,3,3,3,3,3,2,2,2,2,3,3,3,3,2,2,2,2,3,3,3,3,3,3,3,3,2,2,2,2,1,1,0,1,3,3,3,3,3,3,3,3,3,3,3,3,2,2,2,2,3,3,3,3,3,3,3,3,3,3,3,3,1,1,1,1,3,3,3,3,1,1,1,1,3,3,3,3,3,3,2,2,3,3,3,3,3,3,3,3,2,2,2,2,3,3,3,3,2,2,1,2,3,3,3,3,2,2,2,2,1,1,1,1,2,2,2,2,3,3,3,3,1,2,2,2,3,3,3,3,2,2,2,2,2,2,2,2,3,3,3,3,1,1,1,1,3,3,3,3,3,3,3,3,3,3,3,3,3,3,3,3,2,2,2,2,3,3,3,3,2,2,2,2
N48,2,2,2,2,3,3,3,3,2,2,2,2,3,3,3,3,3,3,3,3,2,2,2,2,3,3,3,3,2,2,2,2,3,3,3,3,3,3,3,3,2,2,2,2,1,1,1,0,3,3,3,3,3,3,3,3,3,3,3,3,2,2,2,2,3,3,3,3,3,3,3,3,3,3,3,3,1,1,1,1,3,3,3,3,1,1,1,1,3,3,3,3,3,2,3,2,3,3,3,3,3,3,3,3,2,2,2,2,3,3,3,3,2,2,2,2,3,3,3,3,2,2,2,2,1,1,1,1,2,2,2,2,3,3,3,3,2,2,2,2,3,3,3,3,2,2,2,2,2,2,2,2,3,3,3,3,1,1,1,1,3,3,3,3,3,3,3,3,3,3,3,3,3,3,3,3,2,2,2,2,3,3,3,3,2,2,2,2
N49,3,3,2,3,2,2,2,2,3,3,3,3,3,3,3,3,2,2,2,2,3,3,3,2,3,3,3,3,3,3,3,3,3,3,3,3,2,2,2,2,3,3,3,3,3,3,3,3,0,1,1,1,2,2,2,2,2,2,2,2,3,3,3,3,2,2,2,2,3,3,3,3,3,3,3,3,3,3,3,3,1,1,1,1,3,3,3,3,2,2,2,2,3,3,3,3,1,1,1,1,1,1,1,1,3,3,3,3,3,3,3,3,3,3,3,3,2,2,2,2,3,3,3,3,3,3,3,3,3,3,3,3,3,3,3,3,3,3,3,3,2,2,2,2,3,3,3,3,3,3,3,3,2,2,2,2,3,3,3,3,2,2,2,2,2,2,2,2,2,2,2,2,2,2,2,2,3,3,2,2,1,1,1,1,3,3,3,3
N50,3,3,3,3,2,2,2,2,3,3,3,3,3,3,3,3,2,2,2,2,3,3,2,3,3,3,3,3,3,3,3,3,3,3,3,3,2,2,2,2,3,3,3,3,3,3,3,3,1,0,1,1,2,2,2,2,2,2,2,2,3,3,3,3,2,2,2,2,3,3,3,3,3,3,3,3,3,3,3,3,1,1,1,1,3,3,3,3,2,2,2,2,3,3,3,3,1,1,1,1,1,1,1,1,3,3,3,3,3,3,3,3,3,3,3,3,2,2,2,2,3,3,3,3,3,3,3,3,3,3,3,3,3,3,3,3,3,3,3,3,2,2,2,2,3,3,3,3,3,3,3,3,2,2,2,2,3,3,3,3,2,2,2,2,2,2,2,2,2,2,2,2,2,2,2,2,2,3,3,3,1,1,1,1,3,3,3,3
N51,3,2,3,2,2,2,2,2,3,3,3,3,3,3,3,3,2,2,2,2,2,2,2,3,3,3,3,3,3,3,3,3,3,3,3,3,2,2,2,2,3,3,3,3,3,3,3,3,1,1,0,1,2,2,2,2,2,2,2,2,3,3,3,3,2,2,2,2,3,3,3,3,3,3,3,3,3,3,3,3,1,1,1,1,3,3,3,3,2,2,2,2,3,3,3,3,1,1,1,1,1,1,1,1,3,3,3,3,3,3,3,3,3,3,3,3,2,2,2,2,3,3,3,3,3,3,3,3,3,3,3,3,3,3,3,3,3,3,3,3,2,2,2,2,3,3,3,3,3,3,3,3,2,2,2,2,3,3,3,3,2,2,2,2,2,2,2,2,2,2,2,2,2,2,2,2,2,2,2,2,1,1,1,1,3,3,3,3
N52,3,2,3,2,2,2,2,2,3,3,3,3,3,3,3,3,2,2,2,2,3,2,2,3,3,3,3,3,3,3,3,3,3,3,3,3,2,2,2,2,3,3,3,3,3,3,3,3,1,1,1,0,2,2,2,2,2,2,2,2,3,3,3,3,2,2,2,2,3,3,3,3,3,3,3,3,3,3,3,3,1,1,1,1,3,3,3,3,2,2,2,2,3,3,3,3,1,1,1,1,1,1,1,1,3,3,3,3,3,3,3,3,3,3,3,3,2,2,2,2,3,3,3,3,3,3,3,3,3,3,3,3,3,3,3,3,3,3,3,3,2,2,2,2,3,3,3,3,3,3,3,3,2,2,2,2,3,3,3,3,2,2,2,2,2,2,2,2,2,2,2,2,2,1,1,2,3,3,3,3,1,1,1,1,3,3,3,3
N53,2,2,2,2,1,1,1,1,3,3,3,3,3,3,3,3,3,3,3,3,2,2,2,2,3,3,3,3,3,3,3,3,3,3,3,3,1,1,1,1,2,2,2,2,3,3,3,3,2,2,2,2,0,1,1,1,1,1,1,1,3,3,3,3,3,3,3,3,3,3,3,3,3,3,3,3,3,3,3,3,2,2,2,2,3,3,3,3,3,3,3,3,3,3,3,3,2,2,2,2,2,2,2,2,2,2,2,2,3,3,3,3,3,3,3,3,3,3,3,3,3,3,3,3,3,3,3,3,2,2,2,2,3,3,3,3,3,3,3,3,1,1,1,1,2,2,2,2,2,2,2,2,1,1,1,1,3,3,3,3,3,3,3,3,1,1,1,1,1,1,1,1,1,1,1,1,3,3,3,3,2,2,2,2,3,3,3,3
N54,2,2,2,2,1,1,1,1,3,3,3,3,3,3,3,3,3,3,3,3,2,2,2,2,3,3,3,3,3,3,3,3,3,3,3,3,1,1,1,1,2,2,2,2,3,3,3,3,2,2,2,2,1,0,1,1,1,1,1,1,3,3,3,3,3,3,3,3,3,3,3,3,3,3,3,3,3,3,3,3,2,2,2,2,3,3,3,3,3,3,3,3,3,3,3,3,2,2,2,2,2,2,2,2,2,2,2,2,3,3,3,3,3,3,3,3,3,3,3,3,3,3,3,3,3,3,3,3,2,2,2,2,3,3,3,3,3,3,3,3,1,1,1,1,2,2,2,2,2,2,2,2,1,1,1,1,3,3,3,3,3,3,3,3,1,1,1,1,1,1,1,1,1,1,1,1,3,3,3,3,2,2,2,2,3,3,3,3
N55,2,2,2,2,1,1,1,1,3,3,3,3,3,3,3,3,3,3,3,3,2,2,2,2,3,3,3,3,3,3,3,3,3,3,3,3,1,1,1,1,2,2,2,2,3,3,3,3,2,2,2,2,1,1,0,1,1,1,1,1,3,3,3,3,3,3,3,3,3,3,3,3,3,3,3,3,3,3,3,3,2,2,2,2,3,3,3,3,3,3,3,3,3,3,3,3,2,2,2,2,2,2,2,2,2,2,2,2,3,3,3,3,3,3,3,3,3,3,3,3,3,3,3,3,3,3,3,3,2,2,2,2,3,3,3,3,3,3,3,3,1,1,1,1,2,2,2,2,2,2,2,2,1,1,1,1,3,3,3,3,3,3,3,3,1,1,1,1,1,1,1,1,1,1,1,1,3,3,3,3,2,2,2,2,3,3,3,3
N56,2,2,2,2,1,1,1,1,3,3,3,3,3,3,3,3,3,3,3,3,2,2,2,2,3,3,3,3,3,3,3,3,3,3,3,3,1,1,1,1,2,2,2,2,3,3,3,3,2,2,2,2,1,1,1,0,1,1,1,1,3,3,3,3,3,3,3,3,3,3,3,3,3,3,3,3,3,3,3,3,2,2,2,2,3,3,3,3,3,3,3,3,3,3,3,3,2,2,2,2,2,2,2,2,2,2,2,2,3,3,3,3,3,3,3,3,3,3,3,3,3,3,3,3,3,3,3,3,2,2,2,2,3,3,3,3,3,3,3,3,1,1,1,1,2,2,2,2,2,2,2,2,1,1,1,1,3,3,3,3,3,3,3,3,1,1,1,1,1,1,1,1,1,1,1,1,3,3,3,3,2,2,2,2,3,3,3,3
N57,2,2,2,2,1,1,1,1,3,3,3,3,3,3,3,3,3,3,3,3,2,2,2,2,3,3,3,3,3,3,3,3,3,3,3,3,1,1,1,1,2,2,2,2,3,3,3,3,2,2,2,2,1,1,1,1,0,1,1,1,3,3,3,3,2,3,2,3,3,3,3,3,3,3,3,3,3,3,3,3,2,2,2,2,3,3,3,3,3,3,3,3,3,3,3,3,2,2,2,2,2,2,1,2,2,2,2,2,3,3,3,3,3,3,3,3,3,3,3,3,3,3,3,3,3,3,3,3,1,2,1,2,2,2,3,3,3,3,3,3,1,1,1,1,2,2,2,2,2,2,2,2,1,1,1,1,3,3,3,3,3,3,3,3,1,1,1,1,1,1,1,1,1,1,1,1,3,3,3,3,2,2,2,2,3,3,3,3
N58,2,2,2,2,1,1,1,1,3,3,3,3,3,3,3,3,3,3,3,3,2,2,2,2,3,3,3,3,3,3,3,3,3,3,3,3,1,1,1,1,2,2,2,2,3,3,3,3,2,2,2,2,1,1,1,1,1,0,1,1,3,3,3,3,2,2,2,3,3,3,3,3,3,3,3,3,3,3,3,3,2,2,2,2,3,3,3,3,3,3,3,3,3,3,3,3,2,2,2,2,1,2,1,2,2,2,2,2,3,3,3,3,3,3,3,3,3,3,3,3,3,3,3,3,3,3,3,3,1,2,1,2,2,3,3,2,3,3,3,3,1,1,1,1,2,2,2,2,2,2,2,2,1,1,1,1,3,3,3,3,3,3,3,3,1,1,1,1,1,1,1,1,1,1,1,1,3,3,3,3,2,2,2,2,3,3,3,3
N59,2,2,2,2,1,1,1,1,3,3,3,3,3,3,3,3,3,3,3,3,2,2,2,2,3,3,3,3,3,3,3,3,3,3,3,3,1,1,1,1,2,2,2,2,3,3,3,3,2,2,2,2,1,1,1,1,1,1,0,1,3,3,3,3,3,3,3,3,3,3,3,3,3,3,3,3,3,3,3,3,2,2,2,2,3,3,3,3,3,3,3,3,3,3,3,3,2,2,2,2,2,1,2,2,2,2,2,2,3,3,3,3,3,3,3,3,3,3,3,3,3,3,3,3,3,3,3,3,1,2,2,2,3,3,2,3,3,3,3,3,1,1,1,1,2,2,2,2,2,2,2,2,1,1,1,1,3,3,3,3,3,3,3,3,1,1,1,1,1,1,1,1,1,1,1,1,3,3,3,3,2,2,2,2,3,3,3,3
N60,2,2,2,2,1,1,1,1,3,3,3,3,3,3,3,3,3,3,3,3,2,2,2,2,3,3,3,3,3,3,3,3,3,3,3,3,1,1,1,1,2,2,2,2,3,3,3,3,2,2,2,2,1,1,1,1,1,1,1,0,3,3,3,3,2,3,3,3,3,3,3,3,3,3,3,3,3,3,3,3,2,2,2,2,3,3,3,3,3,3,3,3,3,3,3,3,2,2,2,2,2,1,1,2,2,2,2,2,3,3,3,3,3,3,3,3,3,3,3,3,3,3,3,3,3,3,3,3,2,2,1,2,3,3,2,3,3,3,3,3,1,1,1,1,2,2,2,2,2,2,2,2,1,1,1,1,3,3,3,3,3,3,3,3,1,1,1,1,1,1,1,1,1,1,1,1,3,3,3,3,2,2,2,2,3,3,3,3
N61,3,3,3,3,2,2,3,3,1,1,1,1,2,2,2,2,3,3,3,3,3,3,3,3,2,2,2,2,1,1,1,1,2,2,2,2,3,3,3,3,3,3,2,3,2,2,2,2,3,3,3,3,3,3,3,3,3,3,3,3,0,1,1,1,3,3,3,3,2,2,2,2,2,2,2,2,2,2,2,2,3,3,3,3,2,2,2,2,3,3,3,3,2,2,2,2,3,3,3,3,3,3,3,3,3,3,3,3,2,2,2,2,1,1,1,1,3,3,3,3,1,1,1,1,2,2,2,2,3,3,3,3,2,2,2,2,1,1,1,1,3,3,3,3,3,3,3,3,3,3,3,3,3,3,3,3,2,2,2,2,3,3,3,3,3,3,2,2,3,3,3,3,3,3,3,3,1,1,1,1,3,3,3,3,1,1,1,1
N62,3,3,3,3,3,2,3,2,1,1,1,1,2,2,2,2,3,3,3,3,3,3,3,3,2,2,2,1,1,1,1,1,2,2,2,2,3,3,3,3,3,3,3,3,2,2,2,2,3,3,3,3,3,3,3,3,3,3,3,3,1,0,1,1,3,3,3,3,2,2,2,2,2,2,2,2,2,2,2,2,3,3,3,3,2,2,2,2,3,3,3,3,2,2,2,2,3,3,3,3,3,3,3,3,3,3,3,3,2,2,2,2,1,1,1,1,3,3,3,3,1,1,1,1,2,2,2,2,3,3,3,3,2,2,2,2,1,1,1,1,3,3,3,3,3,3,3,3,3,3,3,3,3,3,3,3,2,2,2,2,3,3,3,3,3,3,3,3,3,3,3,3,3,3,3,3,1,1,1,1,3,3,3,3,1,1,1,1
N63,3,3,3,3,2,3,3,2,1,1,1,1,2,2,2,2,3,3,3,3,3,3,3,3,1,2,1,2,1,1,1,1,1,2,1,2,3,3,3,3,3,2,2,3,2,2,2,2,3,3,3,3,3,3,3,3,3,3,3,3,1,1,0,1,3,3,3,3,2,2,2,2,2,2,2,2,2,2,2,2,3,3,3,3,2,2,2,2,3,3,3,3,2,2,2,2,3,3,3,3,3,3,3,3,3,3,3,3,2,2,2,2,1,1,1,1,3,3,3,3,1,1,1,1,2,2,2,2,3,3,3,3,2,2,2,2,1,1,1,1,3,3,3,3,3,3,3,3,3,3,3,3,3,3,3,3,2,2,2,2,3,3,3,3,3,3,2,3,3,3,3,3,3,3,3,3,1,1,1,1,3,3,3,3,1,1,1,1
N64,3,3,3,3,3,3,3,3,1,1,1,1,2,2,2,2,3,3,3,3,3,3,3,3,2,1,2,1,1,1,1,1,2,2,2,2,3,3,3,3,2,2,2,3,2,2,2,2,3,3,3,3,3,3,3,3,3,3,3,3,1,1,1,0,3,3,3,3,2,2,2,2,2,2,2,2,2,2,2,2,3,3,3,3,2,2,2,2,3,3,3,3,2,2,2,2,3,3,3,3,3,3,3,3,3,3,3,3,2,2,2,2,1,1,1,1,3,3,3,3,1,1,1,1,2,2,2,2,3,3,3,3,2,2,2,2,1,1,1,1,3,3,3,3,3,3,3,3,3,3,3,3,3,3,3,3,2,2,2,2,3,3,3,3,2,3,3,2,3,3,3,3,3,3,3,3,1,1,1,1,3,3,3,3,1,1,1,1
N65,3,3,3,3,3,3,3,3,3,3,3,3,3,3,3,3,1,1,1,1,3,3,3,3,3,3,3,3,3,3,3,3,3,3,3,3,3,3,3,3,3,3,3,3,3,3,3,3,2,2,2,2,3,3,3,3,2,2,3,2,3,3,3,3,0,1,1,1,3,3,3,3,3,3,3,3,3,3,3,3,2,2,2,2,3,3,3,3,1,1,1,1,3,3,3,3,2,2,2,2,2,2,2,1,3,3,3,3,3,3,3,3,3,3,3,3,1,1,1,1,3,3,3,3,3,3,3,3,2,2,2,3,3,3,3,2,3,3,3,3,3,3,3,3,3,3,3,3,3,3,3,3,3,3,3,3,3,3,3,3,1,1,1,1,3,3,3,3,3,3,3,3,3,3,3,3,3,3,3,3,2,2,2,2,3,3,3,3
N66,3,3,3,3,3,3,3,3,3,3,3,3,3,3,3,3,1,1,1,1,3,3,3,3,3,3,3,3,3,3,3,3,3,3,3,3,3,3,3,3,3,3,3,3,3,3,3,3,2,2,2,2,3,3,3,3,3,2,3,3,3,3,3,3,1,0,1,1,3,3,3,3,3,3,3,3,3,3,3,3,2,2,2,2,3,3,3,3,1,1,1,1,3,3,3,3,2,2,2,2,2,2,1,2,3,3,3,3,3,3,3,3,3,3,3,3,1,1,1,1,3,3,3,3,3,3,3,3,2,3,3,2,3,3,3,3,3,3,3,3,3,3,3,3,3,3,3,3,3,3,3,3,3,3,3,3,3,3,3,3,1,1,1,1,3,3,3,3,3,3,3,3,3,3,3,3,3,3,3,3,2,2,2,2,3,3,3,3
N67,3,3,3,3,3,3,3,3,3,3,3,3,3,3,3,3,1,1,1,1,3,3,3,3,3,3,3,3,3,3,3,3,3,3,3,3,3,3,3,3,3,3,3,3,3,3,3,3,2,2,2,2,3,3,3,3,2,2,3,3,3,3,3,3,1,1,0,1,3,3,3,3,3,3,3,3,3,3,3,3,2,2,2,2,3,3,3,3,1,1,1,1,3,3,3,3,2,2,2,2,1,1,2,2,3,3,3,3,3,3,3,3,3,3,3,3,1,1,1,1,3,3,3,3,3,3,3,3,2,3,3,2,3,3,3,2,3,3,3,3,3,3,3,3,3,3,3,3,3,3,3,3,3,3,3,3,3,3,3,3,1,1,1,1,3,3,3,3,3,3,3,3,3,3,3,3,3,3,3,3,2,2,2,2,3,3,3,3
N68,3,3,3,3,3,3,3,3,3,3,3,3,3,3,3,3,1,1,1,1,3,3,3,3,3,3,3,3,3,3,3,3,3,3,3,3,3,3,3,3,3,3,3,3,3,3,3,3,2,2,2,2,3,3,3,3,3,3,3,3,3,3,3,3,1,1,1,0,3,3,3,3,3,3,3,3,3,3,3,3,2,2,2,2,3,3,3,3,1,1,1,1,3,3,3,3,2,2,2,2,2,2,2,2,3,3,3,3,3,3,3,3,3,3,3,3,1,1,1,1,3,3,3,3,3,3,3,3,2,2,2,3,2,3,3,3,3,3,3,3,3,3,3,3,3,3,3,3,3,3,3,3,3,3,3,3,3,3,3,3,1,1,1,1,3,3,3,3,3,3,3,3,3,3,3,3,3,3,3,3,2,2,2,2,3,3,3,3
N69,3,3,3,3,3,3,3,3,2,2,2,2,1,1,1,1,3,3,3,3,3,3,3,3,1,1,1,1,2,2,2,2,1,1,1,1,3,3,3,3,3,3,3,3,3,3,3,3,3,3,3,3,3,3,3,3,3,3,3,3,2,2,2,2,3,3,3,3,0,1,1,1,1,1,1,1,3,3,3,3,3,3,3,3,3,3,3,3,3,2,3,3,1,1,1,1,3,3,3,3,3,3,3,3,3,3,3,3,1,1,1,1,2,2,2,2,3,3,3,3,2,2,2,2,3,3,3,3,3,3,3,3,1,1,1,1,2,2,2,2,3,3,3,3,3,3,3,3,3,3,3,3,3,3,3,3,3,3,3,3,3,3,3,3,3,3,3,3,3,3,3,3,3,3,3,3,2,2,2,2,3,3,2,2,2,2,2,2
N70,3,3,3,3,3,3,3,3,2,2,2,2,1,1,1,1,3,3,3,3,3,3,3,3,1,1,1,1,2,2,2,2,1,1,1,1,3,3,3,3,3,3,3,3,3,3,3,3,3,3,3,3,3,3,3,3,3,3,3,3,2,2,2,2,3,3,3,3,1,0,1,1,1,1,1,1,3,3,3,3,3,3,3,3,3,3,3,3,3,3,3,3,1,1,1,1,3,3,3,3,3,3,3,3,3,3,3,3,1,1,1,1,2,2,2,2,3,3,3,3,2,2,2,2,3,3,3,3,3,3,3,3,1,1,1,1,2,2,2,2,3,3,3,3,3,3,3,3,3,3,3,3,3,3,3,3,3,3,3,3,3,3,3,3,3,3,3,3,3,3,3,3,3,3,3,3,2,2,2,2,3,3,2,2,2,2,2,2
N71,3,3,3,3,3,3,3,3,2,2,2,2,1,1,1,1,3,3,3,3,3,3,3,3,1,1,1,1,2,2,2,2,1,1,1,1,3,3,3,3,3,3,3,3,3,3,3,3,3,3,3,3,3,3,3,3,3,3,3,3,2,2,2,2,3,3,3,3,1,1,0,1,1,1,1,1,3,3,3,3,3,3,3,3,3,3,3,3,3,3,2,3,1,1,1,1,3,3,3,3,3,3,3,3,3,3,3,3,1,1,1,1,2,2,2,2,3,3,3,3,2,2,2,2,3,3,3,3,3,3,3,3,1,1,1,1,2,2,2,2,3,3,3,3,3,3,3,3,3,3,3,3,3,3,3,3,3,3,3,3,3,3,3,3,3,3,3,3,3,3,3,3,3,3,3,3,2,2,2,2,3,3,2,2,2,2,2,2
N72,3,3,3,3,3,3,3,3,2,2,2,2,1,1,1,1,3,3,3,3,3,3,3,3,1,1,1,1,2,2,2,2,1,1,1,1,3,3,3,3,3,3,3,3,3,3,3,3,3,3,3,3,3,3,3,3,3,3,3,3,2,2,2,2,3,3,3,3,1,1,1,0,1,1,1,1,3,3,3,3,3,3,3,3,3,3,3,3,3,3,3,3,1,1,1,1,3,3,3,3,3,3,3,3,3,3,3,3,1,1,1,1,2,2,2,2,3,3,3,3,2,2,2,2,3,3,3,3,3,3,3,3,1,1,1,1,2,2,2,2,3,3,3,3,3,3,3,3,3,3,3,3,3,3,3,3,3,3,3,3,3,3,3,3,3,3,3,3,3,3,3,3,3,3,3,3,2,2,2,2,2,3,2,3,2,2,2,2
N73,3,3,3,3,3,3,3,3,2,2,2,2,1,1,1,1,3,3,3,3,3,3,3,3,1,1,1,1,2,2,2,2,1,1,1,1,3,3,3,3,3,3,3,3,3,3,3,3,3,3,3,3,3,3,3,3,3,3,3,3,2,2,2,2,3,3,3,3,1,1,1,1,0,1,1,1,3,3,3,3,3,3,3,3,3,3,3,3,3,3,3,3,1,1,1,1,3,3,3,3,3,3,3,3,3,3,3,3,1,1,1,1,2,2,2,2,2,3,2,3,2,2,2,2,3,3,3,3,3,3,3,3,1,1,1,1,2,2,2,2,3,3,3,3,3,3,3,3,3,3,3,3,3,3,3,3,3,3,3,3,3,3,3,3,3,3,3,3,3,3,3,3,3,3,3,3,2,2,2,2,3,3,3,3,2,2,2,2
N74,3,3,3,3,3,3,3,3,2,2,2,2,1,1,1,1,3,3,3,3,3,3,3,3,1,1,1,1,2,2,2,2,1,1,1,1,3,3,3,3,3,3,3,3,3,3,3,3,3,3,3,3,3,3,3,3,3,3,3,3,2,2,2,2,3,3,3,3,1,1,1,1,1,0,1,1,3,3,3,3,3,3,3,3,3,3,3,3,3,3,3,3,1,1,1,1,3,3,3,3,3,3,3,3,3,3,3,3,1,1,1,1,2,2,2,2,3,3,3,3,2,2,2,2,3,3,3,3,3,3,3,3,1,1,1,1,2,2,2,2,3,3,3,3,3,3,3,3,3,3,3,3,3,3,3,3,3,3,3,3,3,3,3,3,3,3,3,3,3,3,2,2,3,3,3,3,2,2,2,2,3,3,3,3,2,2,2,2
N75,3,3,3,3,3,3,3,3,2,2,2,2,1,1,1,1,3,3,3,3,3,3,3,3,1,1,1,1,2,2,2,2,1,1,1,1,3,3,3,3,3,3,3,3,3,3,3,3,3,3,3,3,3,3,3,3,3,3,3,3,2,2,2,2,3,3,3,3,1,1,1,1,1,1,0,1,3,3,3,3,3,3,3,3,3,3,3,3,3,3,3,3,1,1,1,1,3,3,3,3,3,3,3,3,3,3,3,3,1,1,1,1,2,2,2,2,2,2,3,3,2,2,2,2,3,3,3,3,3,3,3,3,1,1,1,1,2,2,2,2,3,3,3,3,3,3,3,3,3,3,3,3,3,3,3,3,3,3,3,3,3,3,3,3,3,3,3,3,3,3,3,3,3,3,3,3,2,2,2,2,3,3,3,3,2,2,2,2
N76,3,3,3,3,3,3,3,3,2,2,2,2,1,1,1,1,3,3,3,3,3,3,3,3,1,1,1,1,2,2,2,2,1,1,1,1,3,3,3,3,3,3,3,3,3,3,3,3,3,3,3,3,3,3,3,3,3,3,3,3,2,2,2,2,3,3,3,3,1,1,1,1,1,1,1,0,3,3,3,3,3,3,3,3,3,3,3,3,3,3,3,3,1,1,1,1,3,3,3,3,3,3,3,3,3,3,3,3,1,1,1,1,2,2,2,2,3,3,3,3,2,2,2,2,3,3,3,3,3,3,3,3,1,1,1,1,2,2,2,2,3,3,3,3,3,3,3,3,3,3,3,3,3,3,3,3,3,3,3,3,3,3,3,3,3,3,3,3,3,3,3,3,3,3,3,3,2,2,2,2,3,3,3,3,2,2,2,2
N77,2,2,2,2,3,3,3,3,2,2,2,2,3,3,3,3,3,3,3,3,2,2,2,2,3,3,3,3,2,2,2,2,3,3,3,3,3,3,3,3,2,2,2,2,1,1,1,1,3,3,3,3,3,3,3,3,3,3,3,3,2,2,2,2,3,3,3,3,3,3,3,3,3,3,3,3,0,1,1,1,3,3,3,3,1,1,1,1,3,3,3,3,3,3,3,2,3,3,3,3,3,3,3,3,2,2,2,2,3,3,3,3,2,1,2,1,3,3,3,3,2,2,2,2,1,1,1,1,2,2,2,2,3,3,3,3,1,2,2,2,3,3,3,3,2,2,2,2,2,2,2,2,3,3,3,3,1,1,1,1,3,3,3,3,3,3,3,3,3,3,3,3,3,3,3,3,2,2,2,2,3,3,3,3,2,2,2,2
N78,2,2,2,2,3,3,3,3,2,2,2,2,3,3,3,3,3,3,3,3,2,2,2,2,3,3,3,3,2,2,2,2,3,3,3,3,3,3,3,3,2,2,2,2,1,1,1,1,3,3,3,3,3,3,3,3,3,3,3,3,2,2,2,2,3,3,3,3,3,3,3,3,3,3,3,3,1,0,1,1,3,3,3,3,1,1,1,1,3,3,3,3,3,2,2,3,3,3,3,3,3,3,3,3,2,2,2,2,3,3,3,3,1,1,2,1,3,3,3,3,2,2,2,2,1,1,1,1,2,2,2,2,3,3,3,3,1,2,2,2,3,3,3,3,2,2,2,2,2,2,2,2,3,3,3,3,1,1,1,1,3,3,3,3,3,3,3,3,3,3,3,3,3,3,3,3,2,2,2,2,3,3,3,3,2,2,2,2
N79,2,2,2,2,3,3,3,3,2,2,2,2,3,3,3,3,3,3,3,3,2,2,2,2,3,3,3,3,2,2,2,2,3,3,3,3,3,3,3,3,2,2,2,2,1,1,1,1,3,3,3,3,3,3,3,3,3,3,3,3,2,2,2,2,3,3,3,3,3,3,3,3,3,3,3,3,1,1,0,1,3,3,3,3,1,1,1,1,3,3,3,3,2,3,3,3,3,3,3,3,3,3,3,3,2,2,2,2,3,3,3,3,1,2,2,1,3,3,3,3,2,2,2,2,1,1,1,1,2,2,2,2,3,3,3,3,1,2,2,1,3,3,3,3,2,2,2,2,2,2,2,2,3,3,3,3,1,1,1,1,3,3,3,3,3,3,3,3,3,3,3,3,3,3,3,3,2,2,2,2,3,3,3,3,2,2,2,2
N80,2,2,2,2,3,3,3,3,2,2,2,2,3,3,3,3,3,3,3,3,2,2,2,2,3,3,3,3,2,2,2,2,3,3,3,3,3,3,3,3,2,2,2,2,1,1,1,1,3,3,3,3,3,3,3,3,3,3,3,3,2,2,2,2,3,3,3,3,3,3,3,3,3,3,3,3,1,1,1,0,3,3,3,3,1,1,1,1,3,3,3,3,3,2,3,3,3,3,3,3,3,3,3,3,2,2,2,2,3,3,3,3,2,2,2,1,3,3,3,3,2,2,2,2,1,1,1,1,2,2,2,2,3,3,3,3,2,1,1,2,3,3,3,3,2,2,2,2,2,2,2,2,3,3,3,3,1,1,1,1,3,3,3,3,3,3,3,3,3,3,3,3,3,3,3,3,2,2,2,2,3,3,3,3,2,2,2,2
N81,3,3,3,3,2,2,2,2,3,3,3,2,2,3,2,2,2,2,2,2,3,3,3,3,3,3,3,3,3,3,3,3,3,3,3,3,1,2,2,2,3,3,3,3,3,3,3,3,1,1,1,1,2,2,2,2,2,2,2,2,3,3,3,3,2,2,2,2,3,3,3,3,3,3,3,3,3,3,3,3,0,1,1,1,3,3,3,3,2,2,2,2,3,3,3,3,1,1,1,1,1,1,1,1,3,2,3,2,3,3,3,3,3,3,3,3,2,2,2,2,3,3,3,3,3,3,3,3,3,3,3,3,3,3,3,3,3,3,3,3,2,2,2,2,3,3,3,3,3,3,3,3,2,2,2,2,3,3,3,3,2,2,2,2,2,2,2,2,2,2,2,2,2,2,2,2,3,3,3,3,1,1,1,1,3,3,3,3
N82,3,3,3,3,2,2,2,2,3,2,3,3,3,3,2,2,2,2,2,2,3,3,3,3,3,3,3,3,3,3,3,3,3,3,3,3,2,2,1,1,3,3,3,3,3,3,3,3,1,1,1,1,2,2,2,2,2,2,2,2,3,3,3,3,2,2,2,2,3,3,3,3,3,3,3,3,3,3,3,3,1,0,1,1,3,3,3,3,2,2,2,2,3,3,3,3,1,1,1,1,1,1,1,1,3,2,3,2,3,3,3,3,3,3,3,3,2,2,2,2,3,3,3,3,3,3,3,3,3,3,3,3,3,3,3,3,3,3,3,3,2,2,2,2,3,3,3,3,3,3,3,3,2,2,2,2,3,3,3,3,2,2,2,2,2,2,2,2,2,2,2,2,2,2,2,2,3,3,3,3,1,1,1,1,3,3,3,3
N83,3,3,3,3,2,2,2,2,2,3,3,3,2,3,2,3,2,2,2,2,3,3,3,3,3,3,3,3,3,3,3,3,3,3,3,3,2,2,2,1,3,3,3,3,3,3,3,3,1,1,1,1,2,2,2,2,2,2,2,2,3,3,3,3,2,2,2,2,3,3,3,3,3,3,3,3,3,3,3,3,1,1,0,1,3,3,3,3,2,2,2,2,3,3,3,3,1,1,1,1,1,1,1,1,2,3,2,3,3,3,3,3,3,3,3,3,2,2,2,2,3,3,3,3,3,3,3,3,3,3,3,3,3,3,3,3,3,3,3,3,2,2,2,2,3,3,3,3,3,3,3,3,2,2,2,2,3,3,3,3,2,2,2,2,2,2,2,2,2,2,2,2,2,2,2,2,3,3,3,3,1,1,1,1,3,3,3,3
N84,3,3,3,3,2,2,2,2,2,3,3,3,3,2,2,3,2,2,2,2,3,3,3,3,3,3,3,3,3,3,3,3,3,3,3,3,2,1,2,2,3,3,3,3,3,3,3,3,1,1,1,1,2,2,2,2,2,2,2,2,3,3,3,3,2,2,2,2,3,3,3,3,3,3,3,3,3,3,3,3,1,1,1,0,3,3,3,3,2,2,2,2,3,3,3,3,1,1,1,1,1,1,1,1,2,3,2,3,3,3,3,3,3,3,3,3,2,2,2,2,3,3,3,3,3,3,3,3,3,3,3,3,3,3,3,3,3,3,3,3,2,2,2,2,3,3,3,3,3,3,3,3,2,2,2,2,3,3,3,3,2,2,2,2,2,2,2,2,2,2,2,2,2,2,2,2,3,3,3,3,1,1,1,1,3,3,3,3
N85,2,2,2,2,3,3,3,3,2,2,2,2,3,3,3,3,3,3,2,3,2,2,2,2,3,3,3,3,2,2,2,2,3,3,3,3,3,3,3,3,2,2,2,2,1,1,1,1,3,3,3,3,3,3,3,3,3,3,3,3,2,2,2,2,3,3,3,3,3,3,3,3,3,3,3,3,1,1,1,1,3,3,3,3,0,1,1,1,3,3,3,3,3,3,3,3,3,3,3,3,3,3,3,3,2,2,2,2,3,3,3,3,2,2,2,2,3,3,3,3,2,1,2,2,1,1,1,1,2,2,2,2,3,3,3,3,2,2,2,2,3,3,3,3,2,2,2,2,2,2,2,2,3,3,3,3,1,1,1,1,3,3,3,3,3,3,3,3,3,3,3,3,3,3,3,3,2,2,2,2,3,3,3,3,2,2,2,2
N86,2,2,2,2,3,3,3,3,2,2,2,2,3,3,3,3,3,3,3,2,2,2,2,2,3,3,3,3,2,2,2,2,3,3,3,3,3,3,3,3,2,2,2,2,1,1,1,1,3,3,3,3,3,3,3,3,3,3,3,3,2,2,2,2,3,3,3,3,3,3,3,3,3,3,3,3,1,1,1,1,3,3,3,3,1,0,1,1,3,3,3,3,3,3,3,3,3,3,3,3,3,3,3,3,2,2,2,2,3,3,3,3,2,2,2,2,3,3,3,3,2,2,2,1,1,1,1,1,2,2,2,2,3,3,3,3,2,2,2,2,3,3,3,3,2,2,2,2,2,2,2,2,3,3,3,3,1,1,1,1,3,3,3,3,3,3,3,3,3,3,3,3,3,3,3,3,2,2,2,2,3,3,3,3,2,2,2,2
N87,2,2,2,2,3,3,3,3,2,2,2,2,3,3,3,3,3,2,3,3,2,2,2,2,3,3,3,3,2,2,2,2,3,3,3,3,3,3,3,3,2,2,2,2,1,1,1,1,3,3,3,3,3,3,3,3,3,3,3,3,2,2,2,2,3,3,3,3,3,3,3,3,3,3,3,3,1,1,1,1,3,3,3,3,1,1,0,1,3,3,3,3,3,3,3,3,3,3,3,3,3,3,3,3,2,2,2,2,3,3,3,3,2,2,2,2,3,3,3,3,1,2,2,1,1,1,1,1,2,2,2,2,3,3,3,3,2,2,2,2,3,3,3,3,2,2,2,2,2,2,2,2,3,3,3,3,1,1,1,1,3,3,3,3,3,3,3,3,3,3,3,3,3,3,3,3,2,2,2,2,3,3,3,3,2,2,2,2
N88,2,2,2,2,3,3,3,3,2,2,2,2,3,3,3,3,2,2,2,2,2,2,2,2,3,3,3,3,2,2,2,2,3,3,3,3,3,3,3,3,2,2,2,2,1,1,1,1,3,3,3,3,3,3,3,3,3,3,3,3,2,2,2,2,3,3,3,3,3,3,3,3,3,3,3,3,1,1,1,1,3,3,3,3,1,1,1,0,3,3,3,3,3,3,3,3,3,3,3,3,3,3,3,3,2,2,2,2,3,3,3,3,2,2,2,2,3,3,3,3,1,1,2,1,1,1,1,1,2,2,2,2,3,3,3,3,2,2,2,2,3,3,3,3,2,2,2,2,2,2,2,2,3,3,3,3,1,1,1,1,3,3,3,3,3,3,3,3,3,3,3,3,3,3,3,3,2,2,2,2,3,3,3,3,2,2,2,2
N89,3,3,3,3,3,3,3,3,3,3,3,3,3,3,3,3,1,1,1,1,3,3,3,3,3,3,3,3,3,3,3,3,3,3,3,3,3,3,3,3,3,3,3,3,3,3,3,3,2,2,2,2,3,3,3,3,3,3,3,3,3,3,3,3,1,1,1,1,3,3,3,3,3,3,3,3,3,3,3,3,2,2,2,2,3,3,3,3,0,1,1,1,3,3,3,3,2,2,2,2,2,2,2,2,3,3,3,3,3,3,3,3,3,3,3,3,1,1,1,1,3,3,3,3,3,3,3,3,3,3,3,3,3,3,3,3,3,3,3,3,3,3,3,3,3,3,3,3,3,3,3,3,3,3,3,3,3,3,3,3,1,1,1,1,3,3,3,3,3,3,3,3,3,3,3,3,3,3,3,3,1,2,1,1,3,3,3,3
N90,3,3,3,3,3,3,3,3,3,3,3,3,3,3,3,3,1,1,1,1,3,3,3,3,3,3,3,3,3,3,3,3,3,3,3,3,3,3,3,3,3,3,3,3,3,3,3,3,2,2,2,2,3,3,3,3,3,3,3,3,3,3,3,3,1,1,1,1,2,3,3,3,3,3,3,3,3,3,3,3,2,2,2,2,3,3,3,3,1,0,1,1,3,3,3,3,2,2,2,2,2,2,2,2,3,3,3,3,3,3,3,3,3,3,3,3,1,1,1,1,3,3,3,3,3,3,3,3,3,3,3,3,3,3,3,3,3,3,3,3,3,3,3,3,3,3,3,3,3,3,3,3,3,3,3,3,3,3,3,3,1,1,1,1,3,3,3,3,3,3,3,3,3,3,3,3,3,3,3,3,2,2,1,1,3,3,3,3
N91,3,3,3,3,3,3,3,3,3,3,3,3,3,3,3,3,1,1,1,1,3,3,3,3,3,3,3,3,3,3,3,3,3,3,3,3,3,3,3,3,3,3,3,3,3,3,3,3,2,2,2,2,3,3,3,3,3,3,3,3,3,3,3,3,1,1,1,1,3,3,2,3,3,3,3,3,3,3,3,3,2,2,2,2,3,3,3,3,1,1,0,1,3,3,3,3,2,2,2,2,2,2,2,2,3,3,3,3,3,3,3,3,3,3,3,3,1,1,1,1,3,3,3,3,3,3,3,3,3,3,3,3,3,3,3,3,3,3,3,3,3,3,3,3,3,3,3,3,3,3,3,3,3,3,3,3,3,3,3,3,1,1,1,1,3,3,3,3,3,3,3,3,3,3,3,3,3,3,3,3,2,2,2,2,3,3,3,3
N92,3,3,3,3,3,3,3,3,3,3,3,3,3,3,3,3,1,1,1,1,3,3,3,3,3,3,3,3,3,3,3,3,3,3,3,3,3,3,3,3,3,3,3,3,3,3,3,3,2,2,2,2,3,3,3,3,3,3,3,3,3,3,3,3,1,1,1,1,3,3,3,3,3,3,3,3,3,3,3,3,2,2,2,2,3,3,3,3,1,1,1,0,3,3,3,3,2,2,2,2,2,2,2,2,3,3,3,3,3,3,3,3,3,3,3,3,1,1,1,1,3,3,3,3,3,3,3,3,3,3,3,3,3,3,3,3,3,3,3,3,3,3,3,3,3,3,3,3,3,3,3,3,3,3,3,3,3,3,3,3,1,1,1,1,3,3,3,3,3,3,3,3,3,3,3,3,3,3,3,3,2,2,2,2,3,3,3,3
N93,3,3,3,3,3,3,3,3,2,2,2,2,1,1,1,1,3,3,3,3,3,3,3,3,1,1,1,1,2,2,2,2,1,1,1,1,3,3,3,3,3,3,3,3,3,3,3,3,3,3,3,3,3,3,3,3,3,3,3,3,2,2,2,2,3,3,3,3,1,1,1,1,1,1,1,1,3,3,2,3,3,3,3,3,3,3,3,3,3,3,3,3,0,1,1,1,3,3,3,3,3,3,3,3,3,3,3,3,1,1,1,1,2,1,2,2,3,3,3,3,2,2,2,2,3,3,3,3,3,3,3,3,1,1,1,1,1,1,2,2,3,3,3,3,3,3,3,3,3,3,3,3,3,3,3,3,2,3,3,2,3,3,3,3,3,3,3,3,3,3,3,3,3,3,3,3,2,2,2,2,3,3,3,3,2,2,2,2
N94,3,3,3,3,3,3,3,3,2,2,2,2,1,1,1,1,3,3,3,3,3,3,3,3,1,1,1,1,2,2,2,2,1,1,1,1,3,3,3,3,3,3,3,3,3,3,3,2,3,3,3,3,3,3,3,3,3,3,3,3,2,2,2,2,3,3,3,3,1,1,1,1,1,1,1,1,3,2,3,2,3,3,3,3,3,3,3,3,3,3,3,3,1,0,1,1,3,3,3,3,3,3,3,3,3,3,3,3,1,1,1,1,2,1,1,1,3,3,3,3,2,2,2,2,3,3,3,3,3,3,3,3,1,1,1,1,1,2,2,2,3,3,3,3,3,3,3,3,3,3,3,3,3,3,3,3,3,3,3,2,3,3,3,3,3,3,3,3,3,3,3,3,3,3,3,3,2,2,2,2,3,3,3,3,2,2,2,2
N95,3,3,3,3,3,3,3,3,2,2,2,2,1,1,1,1,3,3,3,3,3,3,3,3,1,1,1,1,2,2,2,2,1,1,1,1,3,3,3,3,3,3,3,3,3,2,2,3,3,3,3,3,3,3,3,3,3,3,3,3,2,2,2,2,3,3,3,3,1,1,1,1,1,1,1,1,3,2,3,3,3,3,3,3,3,3,3,3,3,3,3,3,1,1,0,1,3,3,3,3,3,3,3,3,3,3,3,3,1,1,1,1,2,2,1,2,3,3,3,3,2,2,2,2,3,3,3,3,3,3,3,3,1,1,1,1,2,1,2,2,3,3,3,3,3,3,3,3,3,3,3,3,3,3,3,3,2,3,3,3,3,3,3,3,3,3,3,3,3,3,3,3,3,3,3,3,2,2,2,2,3,3,3,3,2,2,2,2
N96,3,3,3,3,3,3,3,3,2,2,2,2,1,1,1,1,3,3,3,3,3,3,3,3,1,1,1,1,2,2,2,2,1,1,1,1,3,3,3,3,3,3,3,3,3,3,2,2,3,3,3,3,3,3,3,3,3,3,3,3,2,2,2,2,3,3,3,3,1,1,1,1,1,1,1,1,2,3,3,3,3,3,3,3,3,3,3,3,3,3,3,3,1,1,1,0,3,3,3,3,3,3,3,3,3,3,3,3,1,1,1,1,2,1,2,2,3,3,3,3,2,2,2,2,3,3,3,3,3,3,3,3,1,1,1,1,2,2,2,1,3,3,3,3,3,3,3,3,3,3,3,3,3,3,3,3,3,2,3,3,3,3,3,3,3,3,3,3,3,3,3,3,3,3,3,3,2,2,2,2,3,3,3,3,2,2,2,2
N97,3,3,3,3,2,2,2,2,3,3,3,3,3,3,3,3,2,2,2,2,3,3,3,3,3,3,3,3,3,3,3,3,3,3,3,3,2,2,2,2,3,3,3,3,3,3,3,3,1,1,1,1,2,2,2,2,2,2,2,2,3,3,3,3,2,2,2,2,3,3,3,3,3,3,3,3,3,3,3,3,1,1,1,1,3,3,3,3,2,2,2,2,3,3,3,3,0,1,1,1,1,1,1,1,3,3,3,3,3,3,3,3,3,3,3,3,2,2,2,2,3,3,3,3,3,3,3,3,3,3,3,3,3,3,3,3,3,3,3,3,2,2,2,2,3,3,2,3,3,3,3,3,2,2,2,2,3,3,3,3,2,2,2,2,2,2,2,2,2,2,2,2,2,2,2,2,3,3,3,3,1,1,1,1,3,3,3,3
N98,3,3,3,3,2,2,2,2,3,3,3,3,3,3,3,3,2,2,2,2,3,3,3,3,3,3,3,3,3,3,3,3,3,3,3,3,2,2,2,2,3,3,3,3,3,3,3,3,1,1,1,1,2,2,2,2,2,2,2,2,3,3,3,3,2,2,2,2,3,3,3,3,3,3,3,3,3,3,3,3,1,1,1,1,3,3,3,3,2,2,2,2,3,3,3,3,1,0,1,1,1,1,1,1,3,3,3,3,3,3,3,3,3,3,3,3,2,2,2,2,3,3,3,3,3,3,3,3,3,3,3,3,3,3,3,3,3,3,3,3,2,2,2,2,3,3,2,2,3,3,3,3,2,2,2,2,3,3,3,3,2,2,2,2,2,2,2,2,2,2,2,2,2,2,2,2,3,3,3,3,1,1,1,1,3,3,3,3
N99,3,3,3,3,2,2,2,2,3,3,3,3,3,3,3,3,2,2,2,2,3,3,3,3,3,3,3,3,3,3,2,3,3,3,3,3,2,2,2,2,3,3,3,3,3,3,3,3,1,1,1,1,2,2,2,2,2,2,2,2,3,3,3,3,2,2,2,2,3,3,3,3,3,3,3,3,3,3,3,3,1,1,1,1,3,3,3,3,2,2,2,2,3,3,3,3,1,1,0,1,1,1,1,1,3,3,3,3,3,3,3,3,3,3,3,3,2,2,2,2,3,3,3,3,3,3,3,3,3,3,3,3,3,3,3,3,3,3,3,3,2,2,2,2,3,3,3,2,3,3,3,3,2,2,2,2,3,3,3,3,2,2,2,2,2,2,2,2,2,2,2,2,2,2,2,2,3,3,3,3,1,1,1,1,3,3,3,3
N100,3,3,3,3,2,2,2,2,3,3,3,3,3,3,3,3,2,2,2,2,3,3,3,3,3,3,3,3,2,3,3,3,3,3,3,3,2,2,2,2,3,3,3,3,3,3,3,3,1,1,1,1,2,2,2,2,2,2,2,2,3,3,3,3,2,2,2,2,3,3,3,3,3,3,3,3,3,3,3,3,1,1,1,1,3,3,3,3,2,2,2,2,3,3,3,3,1,1,1,0,1,1,1,1,3,3,3,3,3,3,3,3,3,3,3,3,2,2,2,2,3,3,3,3,3,3,3,3,3,3,3,3,3,3,3,3,3,3,3,3,2,2,2,2,2,2,2,3,3,3,3,3,2,2,2,2,3,3,3,3,2,2,2,2,2,2,2,2,2,2,2,2,2,2,2,2,3,3,3,3,1,1,1,1,3,3,3,3
N101,3,3,3,3,2,2,2,2,3,3,3,3,3,3,3,3,2,2,2,2,3,3,3,3,3,3,3,3,3,3,3,3,3,3,3,3,2,2,2,2,3,3,3,3,3,3,3,3,1,1,1,1,2,2,2,2,2,1,2,2,3,3,3,3,2,2,1,2,3,3,3,3,3,3,3,3,3,3,3,3,1,1,1,1,3,3,3,3,2,2,2,2,3,3,3,3,1,1,1,1,0,1,1,1,3,3,3,3,3,3,3,3,3,3,3,3,2,2,2,2,3,3,3,3,3,3,3,3,3,2,2,3,2,2,3,3,3,3,3,3,2,2,2,2,3,3,3,3,3,3,3,3,2,2,2,2,3,3,3,3,2,2,2,2,2,2,2,2,2,2,2,2,2,2,2,2,3,3,3,3,1,1,1,1,3,3,3,3
N102,3,3,3,3,2,2,2,2,3,3,3,3,3,3,3,3,2,2,2,2,3,3,3,3,3,3,3,3,3,3,3,3,3,3,3,3,2,2,2,2,3,3,3,3,3,3,3,3,1,1,1,1,2,2,2,2,2,2,1,1,3,3,3,3,2,2,1,2,3,3,3,3,3,3,3,3,3,3,3,3,1,1,1,1,3,3,3,3,2,2,2,2,3,3,3,3,1,1,1,1,1,0,1,1,3,3,3,3,3,3,3,3,3,3,3,3,2,2,2,2,3,3,3,3,3,3,3,3,2,2,2,2,3,3,2,3,3,3,3,3,2,2,2,2,3,3,3,3,3,3,3,3,2,2,2,2,3,3,3,3,2,2,2,2,2,2,2,2,2,2,2,2,2,2,2,2,3,3,3,3,1,1,1,1,3,3,3,3
N103,3,3,3,3,2,2,2,2,3,3,3,3,3,3,3,3,2,2,2,2,3,3,3,3,3,3,3,3,3,3,3,3,3,3,3,3,2,2,2,2,3,3,3,3,3,3,3,3,1,1,1,1,2,2,2,2,1,1,2,1,3,3,3,3,2,1,2,2,3,3,3,3,3,3,3,3,3,3,3,3,1,1,1,1,3,3,3,3,2,2,2,2,3,3,3,3,1,1,1,1,1,1,0,1,3,3,3,3,3,3,3,3,3,3,3,3,2,2,2,2,3,3,3,3,3,3,3,3,3,3,2,3,3,2,3,3,3,3,3,3,2,2,2,2,3,3,3,3,3,3,3,3,2,2,2,2,3,3,3,3,2,2,2,2,2,2,2,2,2,2,2,2,2,2,2,2,3,3,3,3,1,1,1,1,3,3,3,3
N104,3,3,3,3,2,2,2,2,3,3,3,3,3,3,3,3,2,2,2,2,3,3,3,3,3,3,3,3,3,3,3,3,3,3,3,3,2,2,2,2,3,3,3,3,3,3,3,3,1,1,1,1,2,2,2,2,2,2,2,2,3,3,3,3,1,2,2,2,3,3,3,3,3,3,3,3,3,3,3,3,1,1,1,1,3,3,3,3,2,2,2,2,3,3,3,3,1,1,1,1,1,1,1,0,3,3,3,3,3,3,3,3,3,3,3,3,2,2,2,2,3,3,3,3,3,3,3,3,2,3,3,3,2,2,2,2,3,3,3,3,2,2,2,2,3,3,3,3,3,3,3,3,2,2,2,2,3,3,3,3,2,2,2,2,2,2,2,2,2,2,2,2,2,2,2,2,3,3,3,3,1,1,1,1,3,3,3,3
N105,1,1,1,1,2,2,2,2,3,3,2,2,2,3,2,3,3,3,3,3,1,1,1,1,3,3,3,3,3,3,3,3,3,3,3,3,1,2,1,2,1,1,1,1,2,2,2,2,3,3,3,3,2,2,2,2,2,2,2,2,3,3,3,3,3,3,3,3,3,3,3,3,3,3,3,3,2,2,2,2,3,3,2,2,2,2,2,2,3,3,3,3,3,3,3,3,3,3,3,3,3,3,3,3,0,1,1,1,3,3,3,3,3,3,3,3,3,3,3,3,3,3,3,3,2,2,2,2,1,1,1,1,3,3,3,3,3,3,3,3,2,2,2,2,1,1,1,1,1,1,1,1,2,2,2,2,2,2,2,2,3,3,3,3,2,2,2,2,2,2,2,2,2,2,2,2,3,3,3,3,3,3,3,3,3,3,3,3
N106,1,1,1,1,2,2,2,2,2,3,3,3,2,2,2,2,3,3,3,3,1,1,1,1,3,3,3,3,3,3,3,3,3,3,3,3,1,1,1,2,1,1,1,1,2,2,2,2,3,3,3,3,2,2,2,2,2,2,2,2,3,3,3,3,3,3,3,3,3,3,3,3,3,3,3,3,2,2,2,2,2,2,3,3,2,2,2,2,3,3,3,3,3,3,3,3,3,3,3,3,3,3,3,3,1,0,1,1,3,3,3,3,3,3,3,3,3,3,3,3,3,3,3,3,2,2,2,2,1,1,1,1,3,3,3,3,3,3,3,3,2,2,2,2,1,1,1,1,1,1,1,1,2,2,2,2,2,2,2,2,3,3,3,3,2,2,2,2,2,2,2,2,2,2,2,2,3,3,3,3,3,3,3,3,3,3,3,3
N107,1,1,1,1,2,2,2,2,2,3,3,3,3,3,3,3,3,3,3,3,1,1,1,1,3,3,3,3,3,3,3,3,3,3,3,3,2,1,2,2,1,1,1,1,2,2,2,2,3,3,3,3,2,2,2,2,2,2,2,2,3,3,3,3,3,3,3,3,3,3,3,3,3,3,3,3,2,2,2,2,3,3,2,2,2,2,2,2,3,3,3,3,3,3,3,3,3,3,3,3,3,3,3,3,1,1,0,1,3,3,3,3,3,3,3,3,3,3,3,3,3,3,3,3,2,2,2,2,1,1,1,1,3,3,3,3,3,3,3,3,2,2,2,2,1,1,1,1,1,1,1,1,2,2,2,2,2,2,2,2,3,3,3,3,2,2,2,2,2,2,2,2,2,2,2,2,3,3,3,3,3,3,3,3,3,3,3,3
N108,1,1,1,1,2,2,2,2,3,2,3,3,2,2,3,2,3,3,3,3,1,1,1,1,3,3,3,3,3,3,3,3,3,3,3,3,1,2,2,2,1,1,1,1,2,2,2,2,3,3,3,3,2,2,2,2,2,2,2,2,3,3,3,3,3,3,3,3,3,3,3,3,3,3,3,3,2,2,2,2,2,2,3,3,2,2,2,2,3,3,3,3,3,3,3,3,3,3,3,3,3,3,3,3,1,1,1,0,3,3,3,3,3,3,3,3,3,3,3,3,3,3,3,3,2,2,2,2,1,1,1,1,3,3,3,3,3,3,3,3,2,2,2,2,1,1,1,1,1,1,1,1,2,2,2,2,2,2,2,2,3,3,3,3,2,2,2,2,2,2,2,2,2,2,2,2,3,3,3,3,3,3,3,3,3,3,3,3
N109,3,3,3,3,3,3,3,3,2,2,2,2,1,1,1,1,3,3,3,3,3,3,3,3,1,1,1,1,2,2,2,2,1,1,1,1,3,3,3,3,3,3,3,3,3,3,3,3,3,3,3,3,3,3,3,3,3,3,3,3,2,2,2,2,3,3,3,3,1,1,1,1,1,1,1,1,3,3,3,3,3,3,3,3,3,3,3,3,3,3,3,3,1,1,1,1,3,3,3,3,3,3,3,3,3,3,3,3,0,1,1,1,2,2,2,2,3,3,3,3,2,2,2,2,3,3,3,3,3,3,3,3,1,1,1,1,2,2,2,2,2,2,2,3,3,3,3,3,3,3,3,3,3,3,3,3,3,3,3,3,3,2,3,2,3,3,3,3,3,3,3,3,3,3,3,3,2,2,2,2,3,3,3,3,2,2,2,2
N110,3,3,3,3,3,3,3,3,2,2,2,2,1,1,1,1,3,3,3,3,3,3,3,3,1,1,1,1,2,2,2,2,1,1,1,1,3,3,3,3,3,3,3,3,3,3,3,3,3,3,3,3,3,3,3,3,3,3,3,3,2,2,2,2,3,3,3,3,1,1,1,1,1,1,1,1,3,3,3,3,3,3,3,3,3,3,3,3,3,3,3,3,1,1,1,1,3,3,3,3,3,3,3,3,3,3,3,3,1,0,1,1,2,2,2,2,3,3,3,3,2,2,2,2,3,3,3,3,3,3,3,3,1,1,1,1,2,2,2,2,3,2,3,3,3,3,3,3,3,3,3,3,3,3,3,3,3,3,3,3,3,3,3,2,3,3,3,3,3,3,3,3,3,3,3,3,2,2,2,2,3,3,3,3,2,2,2,2
N111,3,3,3,3,3,3,3,3,2,2,2,2,1,1,1,1,3,3,3,3,3,3,3,3,1,1,1,1,2,2,2,2,1,1,1,1,3,3,3,3,3,3,3,3,3,3,3,3,3,3,3,3,3,3,3,3,3,3,3,3,2,2,2,2,3,3,3,3,1,1,1,1,1,1,1,1,3,3,3,3,3,3,3,3,3,3,3,3,3,3,3,3,1,1,1,1,3,3,3,3,3,3,3,3,3,3,3,3,1,1,0,1,2,2,2,2,3,3,3,3,2,2,2,2,3,3,3,3,3,3,3,3,1,1,1,1,2,2,2,2,2,3,3,2,3,3,3,3,3,3,3,3,3,3,3,3,3,3,3,3,3,2,3,3,3,3,3,3,3,3,3,3,3,3,3,3,2,2,2,2,3,3,3,3,2,2,2,2
N112,3,3,3,3,3,3,3,3,2,2,2,2,1,1,1,1,3,3,3,3,3,3,3,3,1,1,1,1,2,2,2,2,1,1,1,1,3,3,3,3,3,3,3,3,3,3,3,3,3,3,3,3,3,3,3,3,3,3,3,3,2,2,2,2,3,3,3,3,1,1,1,1,1,1,1,1,3,3,3,3,3,3,3,3,3,3,3,3,3,3,3,3,1,1,1,1,3,3,3,3,3,3,3,3,3,3,3,3,1,1,1,0,2,2,2,2,3,3,3,3,2,2,2,2,3,3,3,3,3,3,3,3,1,1,1,1,2,2,2,2,3,3,2,2,3,3,3,3,3,3,3,3,3,3,3,3,3,3,3,3,2,2,3,3,3,3,3,3,3,3,3,3,3,3,3,3,2,2,2,2,3,3,3,3,2,2,2,2
N113,3,3,3,3,3,3,3,3,1,1,1,1,2,2,2,2,3,3,3,3,3,3,3,3,2,2,2,2,1,1,1,1,2,2,2,2,3,3,3,3,3,3,3,3,1,2,2,2,3,3,3,3,3,3,3,3,3,3,3,3,1,1,1,1,3,3,3,3,2,2,2,2,2,2,2,2,2,1,1,2,3,3,3,3,2,2,2,2,3,3,3,3,2,2,2,2,3,3,3,3,3,3,3,3,3,3,3,3,2,2,2,2,0,1,1,1,3,3,3,3,1,1,1,1,2,2,2,2,3,3,3,3,2,2,2,2,1,1,1,1,3,3,3,3,3,3,3,3,3,3,3,3,3,3,3,3,2,2,2,1,3,3,3,3,3,3,3,3,3,3,3,3,3,3,3,3,1,1,1,1,3,3,3,3,1,1,1,1
N114,3,3,3,3,3,3,3,3,1,1,1,1,2,2,2,2,3,3,3,3,3,3,3,3,2,2,2,2,1,1,1,1,2,2,2,2,3,3,3,3,3,3,3,3,2,2,2,2,3,3,3,3,3,3,3,3,3,3,3,3,1,1,1,1,3,3,3,3,2,2,2,2,2,2,2,2,1,1,2,2,3,3,3,3,2,2,2,2,3,3,3,3,1,1,2,1,3,3,3,3,3,3,3,3,3,3,3,3,2,2,2,2,1,0,1,1,3,3,3,3,1,1,1,1,2,2,2,2,3,3,3,3,2,2,2,2,1,1,1,1,3,3,3,3,3,3,3,3,3,3,3,3,3,3,3,3,1,2,1,2,3,3,3,3,3,3,3,3,3,3,3,3,3,3,3,3,1,1,1,1,3,3,3,3,1,1,1,1
N115,3,3,3,3,3,3,3,3,1,1,1,1,2,2,2,2,3,3,3,3,3,3,3,3,2,2,2,2,1,1,1,1,2,2,2,2,3,3,3,3,3,3,3,3,2,2,1,2,3,3,3,3,3,3,3,3,3,3,3,3,1,1,1,1,3,3,3,3,2,2,2,2,2,2,2,2,2,2,2,2,3,3,3,3,2,2,2,2,3,3,3,3,2,1,1,2,3,3,3,3,3,3,3,3,3,3,3,3,2,2,2,2,1,1,0,1,3,3,3,3,1,1,1,1,2,2,2,2,3,3,3,3,2,2,2,2,1,1,1,1,3,3,3,3,3,3,3,3,3,3,3,3,3,3,3,3,2,2,2,1,3,3,3,3,3,3,3,3,3,3,3,3,3,3,3,3,1,1,1,1,3,3,3,3,1,1,1,1
N116,3,3,3,3,3,3,3,3,1,1,1,1,2,2,2,2,3,3,3,3,3,3,3,3,2,2,2,2,1,1,1,1,2,2,2,2,3,3,3,3,3,3,3,3,2,2,2,2,3,3,3,3,3,3,3,3,3,3,3,3,1,1,1,1,3,3,3,3,2,2,2,2,2,2,2,2,1,1,1,1,3,3,3,3,2,2,2,2,3,3,3,3,2,1,2,2,3,3,3,3,3,3,3,3,3,3,3,3,2,2,2,2,1,1,1,0,3,3,3,3,1,1,1,1,2,2,2,2,3,3,3,3,2,2,2,2,1,1,1,1,3,3,3,3,3,3,3,3,3,3,3,3,3,3,3,3,1,2,2,2,3,3,3,3,3,3,3,3,3,3,3,3,3,3,3,3,1,1,1,1,3,3,3,3,1,1,1,1
N117,3,3,3,3,3,3,3,3,3,3,3,3,3,3,3,3,1,1,1,1,3,3,3,3,3,3,3,3,3,3,3,3,3,3,3,3,3,3,3,3,3,3,3,3,3,3,3,3,2,2,2,2,3,3,3,3,3,3,3,3,3,3,3,3,1,1,1,1,3,3,3,3,2,3,2,3,3,3,3,3,2,2,2,2,3,3,3,3,1,1,1,1,3,3,3,3,2,2,2,2,2,2,2,2,3,3,3,3,3,3,3,3,3,3,3,3,0,1,1,1,3,3,3,3,3,3,3,3,3,3,3,3,3,3,3,3,3,3,3,3,3,3,3,3,3,3,3,3,3,3,3,3,3,3,3,3,3,3,3,3,1,1,1,1,3,3,3,3,2,2,3,3,3,3,3,3,3,3,3,3,2,2,2,2,3,3,3,3
N118,3,3,3,3,3,3,3,3,3,3,3,3,3,3,3,3,1,1,1,1,3,3,3,3,3,3,3,3,3,3,3,3,3,3,3,3,3,3,3,3,3,3,3,3,3,3,3,3,2,2,2,2,3,3,3,3,3,3,3,3,3,3,3,3,1,1,1,1,3,3,3,3,3,3,2,3,3,3,3,3,2,2,2,2,3,3,3,3,1,1,1,1,3,3,3,3,2,2,2,2,2,2,2,2,3,3,3,3,3,3,3,3,3,3,3,3,1,0,1,1,3,3,3,3,3,3,3,3,3,3,3,3,3,3,3,3,3,3,3,3,3,3,3,3,3,3,3,3,3,3,3,3,3,3,3,3,3,3,3,3,1,1,1,1,3,3,3,3,2,3,3,3,3,3,3,3,3,3,3,3,2,2,2,2,3,3,3,3
N119,3,3,3,3,3,3,3,3,3,3,3,3,3,3,3,3,1,1,1,1,3,3,3,3,3,3,3,3,3,3,3,3,3,3,3,3,3,3,3,3,3,3,3,3,3,3,3,3,2,2,2,2,3,3,3,3,3,3,3,3,3,3,3,3,1,1,1,1,3,3,3,3,2,3,3,3,3,3,3,3,2,2,2,2,3,3,3,3,1,1,1,1,3,3,3,3,2,2,2,2,2,2,2,2,3,3,3,3,3,3,3,3,3,3,3,3,1,1,0,1,3,3,3,3,3,3,3,3,3,3,3,3,3,3,3,3,3,3,3,3,3,3,3,3,3,3,3,3,3,3,3,3,3,3,3,3,3,3,3,3,1,1,1,1,3,3,3,3,2,3,2,3,3,3,3,3,3,3,3,3,2,2,2,2,3,3,3,3
N120,3,3,3,3,3,3,3,3,3,3,3,3,3,3,3,3,1,1,1,1,3,3,3,3,3,3,3,3,3,3,3,3,3,3,3,3,3,3,3,3,3,3,3,3,3,3,3,3,2,2,2,2,3,3,3,3,3,3,3,3,3,3,3,3,1,1,1,1,3,3,3,3,3,3,3,3,3,3,3,3,2,2,2,2,3,3,3,3,1,1,1,1,3,3,3,3,2,2,2,2,2,2,2,2,3,3,3,3,3,3,3,3,3,3,3,3,1,1,1,0,3,3,3,3,3,3,3,3,3,3,3,3,3,3,3,3,3,3,3,3,3,3,3,3,3,3,3,3,3,3,3,3,3,3,3,3,3,3,3,3,1,1,1,1,3,3,3,3,2,3,2,3,3,3,3,3,3,3,3,3,2,2,2,2,3,3,3,3
N121,3,3,3,3,3,3,3,3,1,1,1,1,2,2,2,2,2,3,3,2,3,3,3,3,2,2,2,2,1,1,1,1,2,2,2,2,3,3,3,3,3,3,3,3,2,2,2,2,3,3,3,3,3,3,3,3,3,3,3,3,1,1,1,1,3,3,3,3,2,2,2,2,2,2,2,2,2,2,2,2,3,3,3,3,2,2,1,1,3,3,3,3,2,2,2,2,3,3,3,3,3,3,3,3,3,3,3,3,2,2,2,2,1,1,1,1,3,3,3,3,0,1,1,1,2,2,2,2,3,3,3,3,2,2,2,2,1,1,1,1,3,3,3,3,3,3,3,3,3,3,3,3,3,3,3,3,2,2,2,2,3,3,3,3,3,3,3,3,3,3,3,3,3,3,3,3,1,1,1,1,3,3,3,3,1,1,1,1
N122,3,3,3,3,3,3,3,3,1,1,1,1,2,2,2,2,3,3,3,3,3,3,3,3,2,2,2,2,1,1,1,1,2,2,2,2,3,3,3,3,3,3,3,3,2,2,2,2,3,3,3,3,3,3,3,3,3,3,3,3,1,1,1,1,3,3,3,3,2,2,2,2,2,2,2,2,2,2,2,2,3,3,3,3,1,2,2,1,3,3,3,3,2,2,2,2,3,3,3,3,3,3,3,3,3,3,3,3,2,2,2,2,1,1,1,1,3,3,3,3,1,0,1,1,2,2,2,2,3,3,3,3,2,2,2,2,1,1,1,1,3,3,3,3,3,3,3,3,3,3,3,3,3,3,3,3,2,2,2,2,3,3,3,3,3,3,3,3,3,3,3,3,3,3,3,3,1,1,1,1,3,3,3,3,1,1,1,1
N123,3,3,3,3,3,3,3,3,1,1,1,1,2,2,2,2,2,3,3,2,3,3,3,3,2,2,2,2,1,1,1,1,2,2,2,2,3,3,3,3,3,3,3,3,2,2,2,2,3,3,3,3,3,3,3,3,3,3,3,3,1,1,1,1,3,3,3,3,2,2,2,2,2,2,2,2,2,2,2,2,3,3,3,3,2,2,2,2,3,3,3,3,2,2,2,2,3,3,3,3,3,3,3,3,3,3,3,3,2,2,2,2,1,1,1,1,3,3,3,3,1,1,0,1,2,2,2,2,3,3,3,3,2,2,2,2,1,1,1,1,3,3,3,3,3,3,3,3,3,3,3,3,3,3,3,3,2,2,2,2,3,3,3,3,3,3,3,3,3,3,3,3,3,3,3,3,1,1,1,1,3,3,3,3,1,1,1,1
N124,3,3,3,3,3,3,3,3,1,1,1,1,2,2,2,2,3,3,3,3,3,3,3,3,2,2,2,2,1,1,1,1,2,2,2,2,3,3,3,3,3,3,3,3,2,2,2,2,3,3,3,3,3,3,3,3,3,3,3,3,1,1,1,1,3,3,3,3,2,2,2,2,2,2,2,2,2,2,2,2,3,3,3,3,2,1,1,1,3,3,3,3,2,2,2,2,3,3,3,3,3,3,3,3,3,3,3,3,2,2,2,2,1,1,1,1,3,3,3,3,1,1,1,0,2,2,2,2,3,3,3,3,2,2,2,2,1,1,1,1,3,3,3,3,3,3,3,3,3,3,3,3,3,3,3,3,2,2,2,2,3,3,3,3,3,3,3,3,3,3,3,3,3,3,3,3,1,1,1,1,3,3,3,3,1,1,1,1
N125,2,2,2,2,3,3,3,3,2,2,2,2,3,3,3,3,3,3,3,3,2,2,2,2,3,3,3,3,2,2,2,2,3,3,3,3,3,3,3,3,2,2,2,2,1,1,1,1,3,3,3,3,3,3,3,3,3,3,3,3,2,2,2,2,3,3,3,3,3,3,3,3,3,3,3,3,1,1,1,1,3,3,3,3,1,1,1,1,3,3,3,3,3,3,3,3,3,3,3,3,3,3,3,3,2,2,2,2,3,3,3,3,2,2,2,2,3,3,3,3,2,2,2,2,0,1,1,1,2,2,2,2,3,3,3,3,2,2,2,2,3,3,3,3,2,2,2,2,2,2,2,2,3,3,3,3,1,1,1,1,3,3,3,3,3,3,3,3,3,3,3,3,3,3,3,3,2,2,2,2,3,3,3,3,2,2,2,2
N126,2,2,2,2,3,3,3,3,2,2,2,2,3,3,3,3,3,3,3,3,2,2,2,2,3,3,3,3,2,2,2,2,3,3,3,3,3,3,3,3,2,2,2,2,1,1,1,1,3,3,3,3,3,3,3,3,3,3,3,3,2,2,2,2,3,3,3,3,3,3,3,3,3,3,3,3,1,1,1,1,3,3,3,3,1,1,1,1,3,3,3,3,3,3,3,3,3,3,3,3,3,3,3,3,2,2,2,2,3,3,3,3,2,2,2,2,3,3,3,3,2,2,2,2,1,0,1,1,2,2,2,2,3,3,3,3,2,2,2,2,3,3,3,3,2,2,2,2,2,2,2,2,3,3,3,3,1,1,1,1,3,3,3,3,3,3,3,3,3,3,3,3,3,3,3,3,2,2,2,2,3,3,3,3,2,2,2,2
N127,2,2,2,2,3,3,3,3,2,2,2,2,3,3,3,3,3,3,3,3,2,2,2,2,3,3,3,3,2,2,2,2,3,3,3,3,3,3,3,3,2,2,2,2,1,1,1,1,3,3,3,3,3,3,3,3,3,3,3,3,2,2,2,2,3,3,3,3,3,3,3,3,3,3,3,3,1,1,1,1,3,3,3,3,1,1,1,1,3,3,3,3,3,3,3,3,3,3,3,3,3,3,3,3,2,2,2,2,3,3,3,3,2,2,2,2,3,3,3,3,2,2,2,2,1,1,0,1,2,2,2,2,3,3,3,3,2,2,2,2,3,3,3,3,2,2,2,2,2,2,2,2,3,3,3,3,1,1,1,1,3,3,3,3,3,3,3,3,3,3,3,3,3,3,3,3,2,2,2,2,3,3,3,3,2,2,2,2
N128,2,2,2,2,3,3,3,3,2,2,2,2,3,3,3,3,3,3,3,3,2,2,2,2,3,3,3,3,2,2,2,2,3,3,3,3,3,3,3,3,2,2,2,2,1,1,1,1,3,3,3,3,3,3,3,3,3,3,3,3,2,2,2,2,3,3,3,3,3,3,3,3,3,3,3,3,1,1,1,1,3,3,3,3,1,1,1,1,3,3,3,3,3,3,3,3,3,3,3,3,3,3,3,3,2,2,2,2,3,3,3,3,2,2,2,2,3,3,3,3,2,2,2,2,1,1,1,0,2,2,2,2,3,3,3,3,2,2,2,2,3,3,3,3,2,2,2,2,2,2,2,2,3,3,3,3,1,1,1,1,3,3,3,3,3,3,3,3,3,3,3,3,3,3,3,3,2,2,2,2,3,3,3,3,2,2,2,2
N129,1,1,1,1,2,2,2,2,3,3,3,3,3,3,3,3,3,3,3,3,1,1,1,1,3,3,3,3,3,3,3,3,3,3,3,3,2,2,2,2,1,1,1,1,2,2,2,2,3,3,3,3,2,2,2,2,1,1,1,2,3,3,3,3,2,2,2,2,3,3,3,3,3,3,3,3,2,2,2,2,3,3,3,3,2,2,2,2,3,3,3,3,3,3,3,3,3,3,3,3,3,2,3,2,1,1,1,1,3,3,3,3,3,3,3,3,3,3,3,3,3,3,3,3,2,2,2,2,0,1,1,1,3,3,2,2,3,3,3,3,2,2,2,2,1,1,1,1,1,1,1,1,2,2,2,2,2,2,2,2,3,3,3,3,2,2,2,2,2,2,2,2,2,2,2,2,3,3,3,3,3,3,3,3,3,3,3,3
N130,1,1,1,1,2,2,2,2,3,3,3,3,3,3,3,3,3,3,3,3,1,1,1,1,3,3,3,3,3,3,3,3,3,3,3,3,2,2,2,2,1,1,1,1,2,2,2,2,3,3,3,3,2,2,2,2,2,2,2,2,3,3,3,3,2,3,3,2,3,3,3,3,3,3,3,3,2,2,2,2,3,3,3,3,2,2,2,2,3,3,3,3,3,3,3,3,3,3,3,3,2,2,3,3,1,1,1,1,3,3,3,3,3,3,3,3,3,3,3,3,3,3,3,3,2,2,2,2,1,0,1,1,3,3,2,3,3,3,3,3,2,2,2,2,1,1,1,1,1,1,1,1,2,2,2,2,2,2,2,2,3,3,3,3,2,2,2,2,2,2,2,2,2,2,2,2,3,3,3,3,3,3,3,3,3,3,3,3
N131,1,1,1,1,2,2,2,2,3,3,3,3,3,3,3,3,3,3,3,3,1,1,1,1,3,3,3,3,3,3,3,3,3,3,3,3,2,2,2,2,1,1,1,1,2,2,2,2,3,3,3,3,2,2,2,2,1,1,2,1,3,3,3,3,2,3,3,2,3,3,3,3,3,3,3,3,2,2,2,2,3,3,3,3,2,2,2,2,3,3,3,3,3,3,3,3,3,3,3,3,2,2,2,3,1,1,1,1,3,3,3,3,3,3,3,3,3,3,3,3,3,3,3,3,2,2,2,2,1,1,0,1,3,2,3,3,3,3,3,3,2,2,2,2,1,1,1,1,1,1,1,1,2,2,2,2,2,2,2,2,3,3,3,3,2,2,2,2,2,2,2,2,2,2,2,2,3,3,3,3,3,3,3,3,3,3,3,3
N132,1,1,1,1,2,2,2,2,3,3,3,3,3,3,3,3,3,3,3,3,1,1,1,1,3,3,3,3,3,3,3,3,3,3,3,3,2,2,2,2,1,1,1,1,2,2,2,2,3,3,3,3,2,2,2,2,2,2,2,2,3,3,3,3,3,2,2,3,3,3,3,3,3,3,3,3,2,2,2,2,3,3,3,3,2,2,2,2,3,3,3,3,3,3,3,3,3,3,3,3,3,2,3,3,1,1,1,1,3,3,3,3,3,3,3,3,3,3,3,3,3,3,3,3,2,2,2,2,1,1,1,0,3,3,3,3,3,3,3,3,2,2,2,2,1,1,1,1,1,1,1,1,2,2,2,2,2,2,2,2,3,3,3,3,2,2,2,2,2,2,2,2,2,2,2,2,3,3,3,3,3,3,3,3,3,3,3,3
N133,3,3,3,3,3,3,3,3,2,2,2,2,1,1,1,1,3,3,3,3,3,3,3,3,1,1,1,1,2,2,2,2,1,1,1,1,3,3,3,3,3,3,3,3,3,3,3,3,3,3,3,3,3,3,3,3,2,2,3,3,2,2,2,2,3,3,3,2,1,1,1,1,1,1,1,1,3,3,3,3,3,3,3,3,3,3,3,3,3,3,3,3,1,1,1,1,3,3,3,3,2,3,3,2,3,3,3,3,1,1,1,1,2,2,2,2,3,3,3,3,2,2,2,2,3,3,3,3,3,3,3,3,0,1,1,1,2,2,2,2,3,3,3,3,3,3,3,3,3,3,3,3,3,3,3,3,3,3,3,3,3,3,3,3,3,3,3,3,3,3,3,3,3,3,3,3,2,2,2,2,3,3,3,3,2,2,2,2
N134,3,3,3,3,3,3,3,3,2,2,2,2,1,1,1,1,3,3,3,3,3,3,3,3,1,1,1,1,2,2,2,2,1,1,1,1,3,3,3,3,3,3,3,3,3,3,3,3,3,3,3,3,3,3,3,3,2,3,3,3,2,2,2,2,3,3,3,3,1,1,1,1,1,1,1,1,3,3,3,3,3,3,3,3,3,3,3,3,3,3,3,3,1,1,1,1,3,3,3,3,2,3,2,2,3,3,3,3,1,1,1,1,2,2,2,2,3,3,3,3,2,2,2,2,3,3,3,3,3,3,2,3,1,0,1,1,2,2,2,2,3,3,3,3,3,3,3,3,3,3,3,3,3,3,3,3,3,3,3,3,3,3,3,3,3,3,3,3,3,3,3,3,3,3,3,3,2,2,2,2,3,3,3,3,2,2,2,2
N135,3,3,3,3,3,3,3,3,2,2,2,2,1,1,1,1,3,3,3,3,3,3,3,3,1,1,1,1,2,2,2,2,1,1,1,1,3,3,3,3,3,3,3,3,3,3,3,3,3,3,3,3,3,3,3,3,3,3,2,2,2,2,2,2,3,3,3,3,1,1,1,1,1,1,1,1,3,3,3,3,3,3,3,3,3,3,3,3,3,3,3,3,1,1,1,1,3,3,3,3,3,2,3,2,3,3,3,3,1,1,1,1,2,2,2,2,3,3,3,3,2,2,2,2,3,3,3,3,2,2,3,3,1,1,0,1,2,2,2,2,3,3,3,3,3,3,3,3,3,3,3,3,3,3,3,3,3,3,3,3,3,3,3,3,3,3,3,3,3,3,3,3,3,3,3,3,2,2,2,2,3,3,3,3,2,2,2,2
N136,3,3,3,3,3,3,3,3,2,2,2,2,1,1,1,1,3,3,3,3,3,3,3,3,1,1,1,1,2,2,2,2,1,1,1,1,3,3,3,3,3,3,3,3,3,3,3,3,3,3,3,3,3,3,3,3,3,2,3,3,2,2,2,2,2,3,2,3,1,1,1,1,1,1,1,1,3,3,3,3,3,3,3,3,3,3,3,3,3,3,3,3,1,1,1,1,3,3,3,3,3,3,3,2,3,3,3,3,1,1,1,1,2,2,2,2,3,3,3,3,2,2,2,2,3,3,3,3,2,3,3,3,1,1,1,0,2,2,2,2,3,3,3,3,3,3,3,3,3,3,3,3,3,3,3,3,3,3,3,3,3,3,3,3,3,3,3,3,3,3,3,3,3,3,3,3,2,2,2,2,3,3,3,3,2,2,2,2
N137,3,3,3,3,3,3,3,3,1,1,1,1,2,2,2,2,3,3,3,3,3,3,3,3,2,2,2,2,1,1,1,1,2,2,2,2,3,3,3,3,3,3,3,3,2,1,1,2,3,3,3,3,3,3,3,3,3,3,3,3,1,1,1,1,3,3,3,3,2,2,2,2,2,2,2,2,1,1,1,2,3,3,3,3,2,2,2,2,3,3,3,3,1,1,2,2,3,3,3,3,3,3,3,3,3,3,3,3,2,2,2,2,1,1,1,1,3,3,3,3,1,1,1,1,2,2,2,2,3,3,3,3,2,2,2,2,0,1,1,1,3,3,3,3,3,3,3,3,3,3,3,3,3,3,3,3,1,1,2,2,3,3,3,3,3,3,3,3,3,3,3,3,3,3,3,3,1,1,1,1,3,3,3,3,1,1,1,1
N138,3,3,3,3,3,3,3,3,1,1,1,1,2,2,2,2,3,3,3,3,3,3,3,3,2,2,2,2,1,1,1,1,2,2,2,2,3,3,3,3,3,3,3,3,2,2,2,2,3,3,3,3,3,3,3,3,3,3,3,3,1,1,1,1,3,3,3,3,2,2,2,2,2,2,2,2,2,2,2,1,3,3,3,3,2,2,2,2,3,3,3,3,1,2,1,2,3,3,3,3,3,3,3,3,3,3,3,3,2,2,2,2,1,1,1,1,3,3,3,3,1,1,1,1,2,2,2,2,3,3,3,3,2,2,2,2,1,0,1,1,3,3,3,3,3,3,3,3,3,3,3,3,3,3,3,3,2,2,1,1,3,3,3,3,3,3,3,3,3,3,3,3,3,3,3,3,1,1,1,1,3,3,3,3,1,1,1,1
N139,3,3,3,3,3,3,3,3,1,1,1,1,2,2,2,2,3,3,3,3,3,3,3,3,2,2,2,2,1,1,1,1,2,2,2,2,3,3,3,3,3,3,3,3,2,2,2,2,3,3,3,3,3,3,3,3,3,3,3,3,1,1,1,1,3,3,3,3,2,2,2,2,2,2,2,2,2,2,2,1,3,3,3,3,2,2,2,2,3,3,3,3,2,2,2,2,3,3,3,3,3,3,3,3,3,3,3,3,2,2,2,2,1,1,1,1,3,3,3,3,1,1,1,1,2,2,2,2,3,3,3,3,2,2,2,2,1,1,0,1,3,3,3,3,3,3,3,3,3,3,3,3,3,3,3,3,2,2,2,1,3,3,3,3,3,3,3,3,3,3,3,3,3,3,3,3,1,1,1,1,3,3,3,3,1,1,1,1
N140,3,3,3,3,3,3,3,3,1,1,1,1,2,2,2,2,3,3,3,3,3,3,3,3,2,2,2,2,1,1,1,1,2,2,2,2,3,3,3,3,3,3,3,3,2,2,2,2,3,3,3,3,3,3,3,3,3,3,3,3,1,1,1,1,3,3,3,3,2,2,2,2,2,2,2,2,2,2,1,2,3,3,3,3,2,2,2,2,3,3,3,3,2,2,2,1,3,3,3,3,3,3,3,3,3,3,3,3,2,2,2,2,1,1,1,1,3,3,3,3,1,1,1,1,2,2,2,2,3,3,3,3,2,2,2,2,1,1,1,0,3,3,3,3,3,3,3,3,3,3,3,3,3,3,3,3,2,1,1,2,3,3,3,3,3,3,3,3,3,3,3,3,3,3,3,3,1,1,1,1,3,3,3,3,1,1,1,1
N141,2,2,2,2,1,1,1,1,3,3,3,3,3,3,3,3,3,3,3,3,2,2,2,2,3,3,3,3,3,3,3,3,3,3,3,3,1,1,1,1,2,2,2,2,3,3,3,3,2,2,2,2,1,1,1,1,1,1,1,1,3,3,3,3,3,3,3,3,3,3,3,3,3,3,3,3,3,3,3,3,2,2,2,2,3,3,3,3,3,3,3,3,3,3,3,3,2,2,2,2,2,2,2,2,2,2,2,2,2,3,2,3,3,3,3,3,3,3,3,3,3,3,3,3,3,3,3,3,2,2,2,2,3,3,3,3,3,3,3,3,0,1,1,1,2,2,2,2,2,2,2,2,1,1,1,1,3,3,3,3,3,2,3,2,1,1,1,1,1,1,1,1,1,1,1,1,3,3,3,3,2,2,2,2,3,3,3,3
N142,2,2,2,2,1,1,1,1,3,3,3,3,3,3,3,3,3,3,3,3,2,2,2,2,3,3,3,3,3,3,3,3,3,3,3,3,1,1,1,1,2,2,2,2,3,3,3,3,2,2,2,2,1,1,1,1,1,1,1,1,3,3,3,3,3,3,3,3,3,3,3,3,3,3,3,3,3,3,3,3,2,2,2,2,3,3,3,3,3,3,3,3,3,3,3,3,2,2,2,2,2,2,2,2,2,2,2,2,2,2,3,3,3,3,3,3,3,3,3,3,3,3,3,3,3,3,3,3,2,2,2,2,3,3,3,3,3,3,3,3,1,0,1,1,2,2,2,2,2,2,2,2,1,1,1,1,3,3,3,3,3,2,2,2,1,1,1,1,1,1,1,1,1,1,1,1,3,3,3,3,2,2,2,2,3,3,3,3
N143,2,2,2,2,1,1,1,1,3,3,3,3,3,3,3,3,3,3,3,3,2,2,2,2,3,3,3,3,3,3,3,3,3,3,3,3,1,1,1,1,2,2,2,2,3,3,3,3,2,2,2,2,1,1,1,1,1,1,1,1,3,3,3,3,3,3,3,3,3,3,3,3,3,3,3,3,3,3,3,3,2,2,2,2,3,3,3,3,3,3,3,3,3,3,3,3,2,2,2,2,2,2,2,2,2,2,2,2,2,3,3,2,3,3,3,3,3,3,3,3,3,3,3,3,3,3,3,3,2,2,2,2,3,3,3,3,3,3,3,3,1,1,0,1,2,2,2,2,2,2,2,2,1,1,1,1,3,3,3,3,3,3,3,2,1,1,1,1,1,1,1,1,1,1,1,1,3,3,3,3,2,2,2,2,3,3,3,3
N144,2,2,2,2,1,1,1,1,3,3,3,3,3,3,3,3,3,3,3,3,2,2,2,2,3,3,3,3,3,3,3,3,3,3,3,3,1,1,1,1,2,2,2,2,3,3,3,3,2,2,2,2,1,1,1,1,1,1,1,1,3,3,3,3,3,3,3,3,3,3,3,3,3,3,3,3,3,3,3,3,2,2,2,2,3,3,3,3,3,3,3,3,3,3,3,3,2,2,2,2,2,2,2,2,2,2,2,2,3,3,2,2,3,3,3,3,3,3,3,3,3,3,3,3,3,3,3,3,2,2,2,2,3,3,3,3,3,3,3,3,1,1,1,0,2,2,2,2,2,2,2,2,1,1,1,1,3,3,3,3,3,2,2,2,1,1,1,1,1,1,1,1,1,1,1,1,3,3,3,3,2,2,2,2,3,3,3,3
N145,1,1,1,1,2,2,2,2,3,3,3,3,3,3,3,3,3,3,3,3,1,1,1,1,3,3,3,3,3,3,3,2,3,3,3,3,2,2,2,2,1,1,1,1,2,2,2,2,3,3,3,3,2,2,2,2,2,2,2,2,3,3,3,3,3,3,3,3,3,3,3,3,3,3,3,3,2,2,2,2,3,3,3,3,2,2,2,2,3,3,3,3,3,3,3,3,3,3,3,2,3,3,3,3,1,1,1,1,3,3,3,3,3,3,3,3,3,3,3,3,3,3,3,3,2,2,2,2,1,1,1,1,3,3,3,3,3,3,3,3,2,2,2,2,0,1,1,1,1,1,1,1,2,2,2,2,2,2,2,2,3,3,3,3,2,2,2,2,2,2,2,2,2,2,2,2,3,3,3,3,3,3,3,3,3,3,3,3
N146,1,1,1,1,2,2,2,2,3,3,3,3,3,3,3,3,3,3,3,3,1,1,1,1,3,3,3,3,3,3,2,3,3,3,3,3,2,2,2,2,1,1,1,1,2,2,2,2,3,3,3,3,2,2,2,2,2,2,2,2,3,3,3,3,3,3,3,3,3,3,3,3,3,3,3,3,2,2,2,2,3,3,3,3,2,2,2,2,3,3,3,3,3,3,3,3,3,3,3,2,3,3,3,3,1,1,1,1,3,3,3,3,3,3,3,3,3,3,3,3,3,3,3,3,2,2,2,2,1,1,1,1,3,3,3,3,3,3,3,3,2,2,2,2,1,0,1,1,1,1,1,1,2,2,2,2,2,2,2,2,3,3,3,3,2,2,2,2,2,2,2,2,2,2,2,2,3,3,3,3,3,3,3,3,3,3,3,3
N147,1,1,1,1,2,2,2,2,3,3,3,3,3,3,3,3,3,3,3,3,1,1,1,1,3,3,3,3,3,3,3,3,3,3,3,3,2,2,2,2,1,1,1,1,2,2,2,2,3,3,3,3,2,2,2,2,2,2,2,2,3,3,3,3,3,3,3,3,3,3,3,3,3,3,3,3,2,2,2,2,3,3,3,3,2,2,2,2,3,3,3,3,3,3,3,3,2,2,3,2,3,3,3,3,1,1,1,1,3,3,3,3,3,3,3,3,3,3,3,3,3,3,3,3,2,2,2,2,1,1,1,1,3,3,3,3,3,3,3,3,2,2,2,2,1,1,0,1,1,1,1,1,2,2,2,2,2,2,2,2,3,3,3,3,2,2,2,2,2,2,2,2,2,2,2,2,3,3,3,3,3,3,3,3,3,3,3,3
N148,1,1,1,1,2,2,2,2,3,3,3,3,3,3,3,3,3,3,3,3,1,1,1,1,3,3,3,3,3,2,2,2,3,3,3,3,2,2,2,2,1,1,1,1,2,2,2,2,3,3,3,3,2,2,2,2,2,2,2,2,3,3,3,3,3,3,3,3,3,3,3,3,3,3,3,3,2,2,2,2,3,3,3,3,2,2,2,2,3,3,3,3,3,3,3,3,3,2,2,3,3,3,3,3,1,1,1,1,3,3,3,3,3,3,3,3,3,3,3,3,3,3,3,3,2,2,2,2,1,1,1,1,3,3,3,3,3,3,3,3,2,2,2,2,1,1,1,0,1,1,1,1,2,2,2,2,2,2,2,2,3,3,3,3,2,2,2,2,2,2,2,2,2,2,2,2,3,3,3,3,3,3,3,3,3,3,3,3
N149,1,1,1,1,2,2,2,2,3,3,3,3,3,3,3,3,3,3,3,3,1,1,1,1,3,3,3,3,3,3,3,3,3,3,3,3,2,2,2,2,1,1,1,1,2,2,2,2,3,3,3,3,2,2,2,2,2,2,2,2,3,3,3,3,3,3,3,3,3,3,3,3,3,3,3,3,2,2,2,2,3,3,3,3,2,2,2,2,3,3,3,3,3,3,3,3,3,3,3,3,3,3,3,3,1,1,1,1,3,3,3,3,3,3,3,3,3,3,3,3,3,3,3,3,2,2,2,2,1,1,1,1,3,3,3,3,3,3,3,3,2,2,2,2,1,1,1,1,0,1,1,1,2,2,2,2,2,2,2,2,3,3,3,3,2,2,2,2,2,2,2,2,2,2,2,2,3,3,3,3,3,3,3,3,3,3,3,3
N150,1,1,1,1,2,2,2,2,3,3,3,3,3,3,3,3,3,3,3,3,1,1,1,1,3,3,3,3,3,3,3,3,3,3,3,3,2,2,2,2,1,1,1,1,2,2,2,2,3,3,3,3,2,2,2,2,2,2,2,2,3,3,3,3,3,3,3,3,3,3,3,3,3,3,3,3,2,2,2,2,3,3,3,3,2,2,2,2,3,3,3,3,3,3,3,3,3,3,3,3,3,3,3,3,1,1,1,1,3,3,3,3,3,3,3,3,3,3,3,3,3,3,3,3,2,2,2,2,1,1,1,1,3,3,3,3,3,3,3,3,2,2,2,2,1,1,1,1,1,0,1,1,2,2,2,2,2,2,2,2,3,3,3,3,2,2,2,2,2,2,2,2,2,2,2,2,3,3,3,3,3,3,3,3,3,3,3,3
N151,1,1,1,1,2,2,2,2,3,3,3,3,3,3,3,3,3,3,3,3,1,1,1,1,3,3,3,3,3,3,3,3,3,3,3,3,2,2,2,2,1,1,1,1,2,2,2,2,3,3,3,3,2,2,2,2,2,2,2,2,3,3,3,3,3,3,3,3,3,3,3,3,3,3,3,3,2,2,2,2,3,3,3,3,2,2,2,2,3,3,3,3,3,3,3,3,3,3,3,3,3,3,3,3,1,1,1,1,3,3,3,3,3,3,3,3,3,3,3,3,3,3,3,3,2,2,2,2,1,1,1,1,3,3,3,3,3,3,3,3,2,2,2,2,1,1,1,1,1,1,0,1,2,2,2,2,2,2,2,2,3,3,3,3,2,2,2,2,2,2,2,2,2,2,2,2,3,3,3,3,3,3,3,3,3,3,3,3
N152,1,1,1,1,2,2,2,2,3,3,3,3,3,3,3,3,3,3,3,3,1,1,1,1,3,3,3,3,3,3,3,3,3,3,3,3,2,2,2,2,1,1,1,1,2,2,2,2,3,3,3,3,2,2,2,2,2,2,2,2,3,3,3,3,3,3,3,3,3,3,3,3,3,3,3,3,2,2,2,2,3,3,3,3,2,2,2,2,3,3,3,3,3,3,3,3,3,3,3,3,3,3,3,3,1,1,1,1,3,3,3,3,3,3,3,3,3,3,3,3,3,3,3,3,2,2,2,2,1,1,1,1,3,3,3,3,3,3,3,3,2,2,2,2,1,1,1,1,1,1,1,0,2,2,2,2,2,2,2,2,3,3,3,3,2,2,2,2,2,2,2,2,2,2,2,2,3,3,3,3,3,3,3,3,3,3,3,3
N153,2,2,2,2,1,1,1,1,3,3,3,3,3,3,3,3,3,3,3,3,2,2,2,2,3,3,3,3,3,3,3,3,3,3,3,3,1,1,1,1,2,2,2,2,3,3,3,3,2,2,2,2,1,1,1,1,1,1,1,1,3,3,3,3,3,3,3,3,3,3,3,3,3,3,3,3,3,3,3,3,2,2,2,2,3,3,3,3,3,3,3,3,3,3,3,3,2,2,2,2,2,2,2,2,2,2,2,2,3,3,3,3,3,3,3,3,3,3,3,3,3,3,3,3,3,3,3,3,2,2,2,2,3,3,3,3,3,3,3,3,1,1,1,1,2,2,2,2,2,2,2,2,0,1,1,1,3,3,3,3,3,3,3,3,1,1,1,1,1,1,1,1,1,1,1,1,3,3,3,3,2,2,2,2,3,3,3,3
N154,2,2,2,2,1,1,1,1,3,3,3,3,3,3,3,3,3,3,3,3,2,2,2,2,3,3,3,3,3,3,3,3,3,3,3,3,1,1,1,1,2,2,2,2,3,3,3,3,2,2,2,2,1,1,1,1,1,1,1,1,3,3,3,3,3,3,3,3,3,3,3,3,3,3,3,3,3,3,3,3,2,2,2,2,3,3,3,3,3,3,3,3,3,3,3,3,2,2,2,2,2,2,2,2,2,2,2,2,3,3,3,3,3,3,3,3,3,3,3,3,3,3,3,3,3,3,3,3,2,2,2,2,3,3,3,3,3,3,3,3,1,1,1,1,2,2,2,2,2,2,2,2,1,0,1,1,3,3,3,3,3,3,3,3,1,1,1,1,1,1,1,1,1,1,1,1,3,3,3,3,2,2,2,2,3,3,3,3
N155,2,2,2,2,1,1,1,1,3,3,3,3,3,3,3,3,3,3,3,3,2,2,2,2,3,3,3,3,3,3,3,3,3,3,3,3,1,1,1,1,2,2,2,2,3,3,3,3,2,2,2,2,1,1,1,1,1,1,1,1,3,3,3,3,3,3,3,3,3,3,3,3,3,3,3,3,3,3,3,3,2,2,2,2,3,3,3,3,3,3,3,3,3,3,3,3,2,2,2,2,2,2,2,2,2,2,2,2,3,3,3,3,3,3,3,3,3,3,3,3,3,3,3,3,3,3,3,3,2,2,2,2,3,3,3,3,3,3,3,3,1,1,1,1,2,2,2,2,2,2,2,2,1,1,0,1,3,3,3,3,3,3,3,3,1,1,1,1,1,1,1,1,1,1,1,1,3,3,3,3,2,2,2,2,3,3,3,3
N156,2,2,2,2,1,1,1,1,3,3,3,3,3,3,3,3,3,3,3,3,2,2,2,2,3,3,3,3,3,3,3,3,3,3,3,3,1,1,1,1,2,2,2,2,3,3,3,3,2,2,2,2,1,1,1,1,1,1,1,1,3,3,3,3,3,3,3,3,3,3,3,3,3,3,3,3,3,3,3,3,2,2,2,2,3,3,3,3,3,3,3,3,3,3,3,3,2,2,2,2,2,2,2,2,2,2,2,2,3,3,3,3,3,3,3,3,3,3,3,3,3,3,3,3,3,3,3,3,2,2,2,2,3,3,3,3,3,3,3,3,1,1,1,1,2,2,2,2,2,2,2,2,1,1,1,0,3,3,3,3,3,3,3,3,1,1,1,1,1,1,1,1,1,1,1,1,3,3,3,3,2,2,2,2,3,3,3,3
N157,2,2,2,2,3,3,3,3,2,2,2,2,3,3,3,3,3,3,3,3,2,2,2,2,3,3,3,3,2,2,2,2,3,3,3,3,3,3,3,3,2,2,2,2,1,1,1,1,3,3,3,3,3,3,3,3,3,3,3,3,2,2,2,2,3,3,3,3,3,3,3,3,3,3,3,3,1,1,1,1,3,3,3,3,1,1,1,1,3,3,3,3,2,3,2,3,3,3,3,3,3,3,3,3,2,2,2,2,3,3,3,3,2,1,2,1,3,3,3,3,2,2,2,2,1,1,1,1,2,2,2,2,3,3,3,3,1,2,2,2,3,3,3,3,2,2,2,2,2,2,2,2,3,3,3,3,0,1,1,1,3,3,3,3,3,3,3,3,3,3,3,3,3,3,3,3,2,2,2,2,3,3,3,3,2,2,2,2
N158,2,2,2,2,3,3,3,3,2,2,2,2,3,3,3,3,3,3,3,3,2,2,2,2,3,3,3,3,2,2,2,2,3,3,3,3,3,3,3,3,2,2,2,2,1,1,1,1,3,3,3,3,3,3,3,3,3,3,3,3,2,2,2,2,3,3,3,3,3,3,3,3,3,3,3,3,1,1,1,1,3,3,3,3,1,1,1,1,3,3,3,3,3,3,3,2,3,3,3,3,3,3,3,3,2,2,2,2,3,3,3,3,2,2,2,2,3,3,3,3,2,2,2,2,1,1,1,1,2,2,2,2,3,3,3,3,1,2,2,1,3,3,3,3,2,2,2,2,2,2,2,2,3,3,3,3,1,0,1,1,3,3,3,3,3,3,3,3,3,3,3,3,3,3,3,3,2,2,2,2,3,3,3,3,2,2,2,2
N159,2,2,2,2,3,3,3,3,2,2,2,2,3,3,3,3,3,3,3,3,2,2,2,2,3,3,3,3,2,2,2,2,3,3,3,3,3,3,3,3,2,2,2,2,1,1,1,1,3,3,3,3,3,3,3,3,3,3,3,3,2,2,2,2,3,3,3,3,3,3,3,3,3,3,3,3,1,1,1,1,3,3,3,3,1,1,1,1,3,3,3,3,3,3,3,3,3,3,3,3,3,3,3,3,2,2,2,2,3,3,3,3,2,1,2,2,3,3,3,3,2,2,2,2,1,1,1,1,2,2,2,2,3,3,3,3,2,1,2,1,3,3,3,3,2,2,2,2,2,2,2,2,3,3,3,3,1,1,0,1,3,3,3,3,3,3,3,3,3,3,3,3,3,3,3,3,2,2,2,2,3,3,3,3,2,2,2,2
N160,2,2,2,2,3,3,3,3,2,2,2,2,3,3,3,3,3,3,3,3,2,2,2,2,3,3,3,3,2,2,2,2,3,3,3,3,3,3,3,3,2,2,2,2,1,1,1,1,3,3,3,3,3,3,3,3,3,3,3,3,2,2,2,2,3,3,3,3,3,3,3,3,3,3,3,3,1,1,1,1,3,3,3,3,1,1,1,1,3,3,3,3,2,2,3,3,3,3,3,3,3,3,3,3,2,2,2,2,3,3,3,3,1,2,1,2,3,3,3,3,2,2,2,2,1,1,1,1,2,2,2,2,3,3,3,3,2,1,1,2,3,3,3,3,2,2,2,2,2,2,2,2,3,3,3,3,1,1,1,0,3,3,3,3,3,3,3,3,3,3,3,3,3,3,3,3,2,2,2,2,3,3,3,3,2,2,2,2
N161,3,3,3,3,3,3,3,3,3,3,3,3,3,3,3,3,1,1,1,1,3,3,3,3,3,3,3,3,3,3,3,3,3,3,3,3,3,3,3,3,3,3,3,3,3,3,3,3,2,2,2,2,3,3,3,3,3,3,3,3,3,3,3,3,1,1,1,1,3,3,3,3,3,3,3,3,3,3,3,3,2,2,2,2,3,3,3,3,1,1,1,1,3,3,3,3,2,2,2,2,2,2,2,2,3,3,3,3,3,3,3,2,3,3,3,3,1,1,1,1,3,3,3,3,3,3,3,3,3,3,3,3,3,3,3,3,3,3,3,3,3,3,3,3,3,3,3,3,3,3,3,3,3,3,3,3,3,3,3,3,0,1,1,1,3,3,3,3,3,3,3,3,3,3,3,3,3,3,3,3,2,2,2,2,3,3,3,3
N162,3,3,3,3,3,3,3,3,3,3,3,3,3,3,3,3,1,1,1,1,3,3,3,3,3,3,3,3,3,3,3,3,3,3,3,3,3,3,3,3,3,3,3,3,3,3,3,3,2,2,2,2,3,3,3,3,3,3,3,3,3,3,3,3,1,1,1,1,3,3,3,3,3,3,3,3,3,3,3,3,2,2,2,2,3,3,3,3,1,1,1,1,3,3,3,3,2,2,2,2,2,2,2,2,3,3,3,3,2,3,2,2,3,3,3,3,1,1,1,1,3,3,3,3,3,3,3,3,3,3,3,3,3,3,3,3,3,3,3,3,2,2,3,2,3,3,3,3,3,3,3,3,3,3,3,3,3,3,3,3,1,0,1,1,3,3,3,3,3,3,3,3,3,3,3,3,3,3,3,3,2,2,2,2,3,3,3,3
N163,3,3,3,3,3,3,3,3,3,3,3,3,3,3,3,3,1,1,1,1,3,3,3,3,3,3,3,3,3,3,3,3,3,3,3,3,3,3,3,3,3,3,3,3,3,3,3,3,2,2,2,2,3,3,3,3,3,3,3,3,3,3,3,3,1,1,1,1,3,3,3,3,3,3,3,3,3,3,3,3,2,2,2,2,3,3,3,3,1,1,1,1,3,3,3,3,2,2,2,2,2,2,2,2,3,3,3,3,3,3,3,3,3,3,3,3,1,1,1,1,3,3,3,3,3,3,3,3,3,3,3,3,3,3,3,3,3,3,3,3,3,2,3,2,3,3,3,3,3,3,3,3,3,3,3,3,3,3,3,3,1,1,0,1,3,3,3,3,3,3,3,3,3,3,3,3,3,3,3,3,2,2,2,2,3,3,3,3
N164,3,3,3,3,3,3,3,3,3,3,3,3,3,3,3,3,1,1,1,1,3,3,3,3,3,3,3,3,3,3,3,3,3,3,3,3,3,3,3,3,3,3,3,3,3,3,3,3,2,2,2,2,3,3,3,3,3,3,3,3,3,3,3,3,1,1,1,1,3,3,3,3,3,3,3,3,3,3,3,3,2,2,2,2,3,3,3,3,1,1,1,1,3,3,3,3,2,2,2,2,2,2,2,2,3,3,3,3,2,2,3,3,3,3,3,3,1,1,1,1,3,3,3,3,3,3,3,3,3,3,3,3,3,3,3,3,3,3,3,3,2,2,2,2,3,3,3,3,3,3,3,3,3,3,3,3,3,3,3,3,1,1,1,0,3,3,3,3,3,3,3,3,3,3,3,3,3,3,3,3,2,2,2,2,3,3,3,3
N165,2,2,2,2,1,1,1,1,3,3,3,3,3,3,3,3,3,3,3,3,2,2,2,2,3,2,2,2,3,3,3,3,2,3,2,3,1,1,1,1,1,2,2,2,3,3,3,3,2,2,2,2,1,1,1,1,1,1,1,1,3,3,3,2,3,3,3,3,3,3,3,3,3,3,3,3,3,3,3,3,2,2,2,2,3,3,3,3,3,3,3,3,3,3,3,3,2,2,2,2,2,2,2,2,2,2,2,2,3,3,3,3,3,3,3,3,3,3,3,3,3,3,3,3,3,3,3,3,2,2,2,2,3,3,3,3,3,3,3,3,1,1,1,1,2,2,2,2,2,2,2,2,1,1,1,1,3,3,3,3,3,3,3,3,0,1,1,1,1,1,1,1,1,1,1,1,3,3,3,3,2,2,2,2,3,3,2,3
N166,2,2,2,2,1,1,1,1,3,3,3,3,3,3,3,3,3,3,3,3,2,2,2,2,3,3,2,2,3,3,3,3,2,3,3,3,1,1,1,1,2,2,2,1,3,3,3,3,2,2,2,2,1,1,1,1,1,1,1,1,3,3,3,3,3,3,3,3,3,3,3,3,3,3,3,3,3,3,3,3,2,2,2,2,3,3,3,3,3,3,3,3,3,3,3,3,2,2,2,2,2,2,2,2,2,2,2,2,3,3,3,3,3,3,3,3,3,3,3,3,3,3,3,3,3,3,3,3,2,2,2,2,3,3,3,3,3,3,3,3,1,1,1,1,2,2,2,2,2,2,2,2,1,1,1,1,3,3,3,3,3,3,3,3,1,0,1,1,1,1,1,1,1,1,1,1,3,3,3,3,2,2,2,2,2,3,2,3
N167,2,2,2,2,1,1,1,1,3,3,3,3,3,3,3,3,3,3,3,3,2,2,2,2,3,3,3,3,3,3,3,3,2,2,3,3,1,1,1,1,1,1,2,2,3,3,3,3,2,2,2,2,1,1,1,1,1,1,1,1,2,3,2,3,3,3,3,3,3,3,3,3,3,3,3,3,3,3,3,3,2,2,2,2,3,3,3,3,3,3,3,3,3,3,3,3,2,2,2,2,2,2,2,2,2,2,2,2,3,3,3,3,3,3,3,3,3,3,3,3,3,3,3,3,3,3,3,3,2,2,2,2,3,3,3,3,3,3,3,3,1,1,1,1,2,2,2,2,2,2,2,2,1,1,1,1,3,3,3,3,3,3,3,3,1,1,0,1,1,1,1,1,1,1,1,1,3,3,3,3,2,2,2,2,3,3,3,2
N168,2,2,2,2,1,1,1,1,3,3,3,3,3,3,3,3,3,3,3,3,2,2,2,2,2,3,2,3,3,3,3,3,3,3,3,2,1,1,1,1,2,1,2,1,3,3,3,3,2,2,2,2,1,1,1,1,1,1,1,1,2,3,3,2,3,3,3,3,3,3,3,3,3,3,3,3,3,3,3,3,2,2,2,2,3,3,3,3,3,3,3,3,3,3,3,3,2,2,2,2,2,2,2,2,2,2,2,2,3,3,3,3,3,3,3,3,3,3,3,3,3,3,3,3,3,3,3,3,2,2,2,2,3,3,3,3,3,3,3,3,1,1,1,1,2,2,2,2,2,2,2,2,1,1,1,1,3,3,3,3,3,3,3,3,1,1,1,0,1,1,1,1,1,1,1,1,3,3,3,3,2,2,2,2,2,3,3,2
N169,2,2,2,2,1,1,1,1,3,3,3,3,3,3,3,3,3,3,3,3,2,2,2,2,3,3,3,3,3,3,3,3,3,3,3,3,1,1,1,1,2,2,2,2,3,3,3,3,2,2,2,2,1,1,1,1,1,1,1,1,3,3,3,3,3,3,3,3,3,3,3,3,3,3,3,3,3,3,3,3,2,2,2,2,3,3,3,3,3,3,3,3,3,3,3,3,2,2,2,2,2,2,2,2,2,2,2,2,3,3,3,3,3,3,3,3,2,2,2,2,3,3,3,3,3,3,3,3,2,2,2,2,3,3,3,3,3,3,3,3,1,1,1,1,2,2,2,2,2,2,2,2,1,1,1,1,3,3,3,3,3,3,3,3,1,1,1,1,0,1,1,1,1,1,1,1,3,3,3,3,2,2,2,2,3,3,3,3
N170,2,2,2,2,1,1,1,1,3,3,3,3,3,3,3,3,3,3,3,3,2,2,2,2,3,3,3,3,3,3,3,3,3,3,3,3,1,1,1,1,2,2,2,2,3,3,3,3,2,2,2,2,1,1,1,1,1,1,1,1,3,3,3,3,3,3,3,3,3,3,3,3,3,3,3,3,3,3,3,3,2,2,2,2,3,3,3,3,3,3,3,3,3,3,3,3,2,2,2,2,2,2,2,2,2,2,2,2,3,3,3,3,3,3,3,3,2,3,3,3,3,3,3,3,3,3,3,3,2,2,2,2,3,3,3,3,3,3,3,3,1,1,1,1,2,2,2,2,2,2,2,2,1,1,1,1,3,3,3,3,3,3,3,3,1,1,1,1,1,0,1,1,1,1,1,1,3,3,3,3,2,2,2,2,3,3,3,3
N171,2,2,2,2,1,1,1,1,3,3,3,3,3,3,3,3,3,3,3,3,2,2,2,2,3,3,3,3,3,3,3,3,3,3,3,3,1,1,1,1,2,2,2,2,3,3,3,3,2,2,2,2,1,1,1,1,1,1,1,1,3,3,3,3,3,3,3,3,3,3,3,3,3,2,3,3,3,3,3,3,2,2,2,2,3,3,3,3,3,3,3,3,3,3,3,3,2,2,2,2,2,2,2,2,2,2,2,2,3,3,3,3,3,3,3,3,3,3,2,2,3,3,3,3,3,3,3,3,2,2,2,2,3,3,3,3,3,3,3,3,1,1,1,1,2,2,2,2,2,2,2,2,1,1,1,1,3,3,3,3,3,3,3,3,1,1,1,1,1,1,0,1,1,1,1,1,3,3,3,3,2,2,2,2,3,3,3,3
N172,2,2,2,2,1,1,1,1,3,3,3,3,3,3,3,3,3,3,3,3,2,2,2,2,3,3,3,3,3,3,3,3,3,3,3,3,1,1,1,1,2,2,2,2,3,3,3,3,2,2,2,2,1,1,1,1,1,1,1,1,3,3,3,3,3,3,3,3,3,3,3,3,3,2,3,3,3,3,3,3,2,2,2,2,3,3,3,3,3,3,3,3,3,3,3,3,2,2,2,2,2,2,2,2,2,2,2,2,3,3,3,3,3,3,3,3,3,3,3,3,3,3,3,3,3,3,3,3,2,2,2,2,3,3,3,3,3,3,3,3,1,1,1,1,2,2,2,2,2,2,2,2,1,1,1,1,3,3,3,3,3,3,3,3,1,1,1,1,1,1,1,0,1,1,1,1,3,3,3,3,2,2,2,2,3,3,3,3
N173,1,2,2,2,1,1,1,1,3,3,3,3,3,3,3,3,3,3,3,3,2,2,1,2,3,3,3,3,3,3,3,3,3,3,3,3,1,1,1,1,2,2,2,2,3,3,3,3,2,2,2,2,1,1,1,1,1,1,1,1,3,3,3,3,3,3,3,3,3,3,3,3,3,3,3,3,3,3,3,3,2,2,2,2,3,3,3,3,3,3,3,3,3,3,3,3,2,2,2,2,2,2,2,2,2,2,2,2,3,3,3,3,3,3,3,3,3,3,3,3,3,3,3,3,3,3,3,3,2,2,2,2,3,3,3,3,3,3,3,3,1,1,1,1,2,2,2,2,2,2,2,2,1,1,1,1,3,3,3,3,3,3,3,3,1,1,1,1,1,1,1,1,0,1,1,1,3,3,2,3,2,2,2,2,3,3,3,3
N174,1,2,1,2,1,1,1,1,3,3,3,3,3,3,3,3,3,3,3,3,2,1,1,1,3,3,3,3,3,3,3,3,3,3,3,3,1,1,1,1,2,2,2,2,3,3,3,3,2,2,2,1,1,1,1,1,1,1,1,1,3,3,3,3,3,3,3,3,3,3,3,3,3,3,3,3,3,3,3,3,2,2,2,2,3,3,3,3,3,3,3,3,3,3,3,3,2,2,2,2,2,2,2,2,2,2,2,2,3,3,3,3,3,3,3,3,3,3,3,3,3,3,3,3,3,3,3,3,2,2,2,2,3,3,3,3,3,3,3,3,1,1,1,1,2,2,2,2,2,2,2,2,1,1,1,1,3,3,3,3,3,3,3,3,1,1,1,1,1,1,1,1,1,0,1,1,2,2,3,3,2,2,2,2,3,3,3,3
N175,2,2,2,2,1,1,1,1,3,3,3,3,3,3,3,3,3,3,3,3,2,2,2,1,3,3,3,3,3,3,3,3,3,3,3,3,1,1,1,1,2,2,2,2,3,3,3,3,2,2,2,1,1,1,1,1,1,1,1,1,3,3,3,3,3,3,3,3,3,3,3,3,3,3,3,3,3,3,3,3,2,2,2,2,3,3,3,3,3,3,3,3,3,3,3,3,2,2,2,2,2,2,2,2,2,2,2,2,3,3,3,3,3,3,3,3,3,3,3,3,3,3,3,3,3,3,3,3,2,2,2,2,3,3,3,3,3,3,3,3,1,1,1,1,2,2,2,2,2,2,2,2,1,1,1,1,3,3,3,3,3,3,3,3,1,1,1,1,1,1,1,1,1,1,0,1,2,3,3,2,2,2,2,2,3,3,3,3
N176,1,2,2,2,1,1,1,1,3,3,3,3,3,3,3,3,3,3,3,3,1,1,2,2,3,3,3,3,3,3,3,3,3,3,3,3,1,1,1,1,2,2,2,2,3,3,3,3,2,2,2,2,1,1,1,1,1,1,1,1,3,3,3,3,3,3,3,3,3,3,3,3,3,3,3,3,3,3,3,3,2,2,2,2,3,3,3,3,3,3,3,3,3,3,3,3,2,2,2,2,2,2,2,2,2,2,2,2,3,3,3,3,3,3,3,3,3,3,3,3,3,3,3,3,3,3,3,3,2,2,2,2,3,3,3,3,3,3,3,3,1,1,1,1,2,2,2,2,2,2,2,2,1,1,1,1,3,3,3,3,3,3,3,3,1,1,1,1,1,1,1,1,1,1,1,0,2,3,3,2,2,2,2,2,3,3,3,3
N177,3,2,2,2,3,3,3,3,1,1,1,1,2,2,2,2,3,3,3,3,2,3,3,2,2,2,2,2,1,1,1,1,2,2,2,2,3,3,3,3,3,3,3,3,2,2,2,2,3,2,2,3,3,3,3,3,3,3,3,3,1,1,1,1,3,3,3,3,2,2,2,2,2,2,2,2,2,2,2,2,3,3,3,3,2,2,2,2,3,3,3,3,2,2,2,2,3,3,3,3,3,3,3,3,3,3,3,3,2,2,2,2,1,1,1,1,3,3,3,3,1,1,1,1,2,2,2,2,3,3,3,3,2,2,2,2,1,1,1,1,3,3,3,3,3,3,3,3,3,3,3,3,3,3,3,3,2,2,2,2,3,3,3,3,3,3,3,3,3,3,3,3,3,2,2,2,0,1,1,1,3,3,3,3,1,1,1,1
N178,2,2,3,3,3,3,3,3,1,1,1,1,2,2,2,2,3,3,3,3,2,3,3,3,2,2,2,2,1,1,1,1,2,2,2,2,3,3,3,3,3,3,3,3,2,2,2,2,3,3,2,3,3,3,3,3,3,3,3,3,1,1,1,1,3,3,3,3,2,2,2,2,2,2,2,2,2,2,2,2,3,3,3,3,2,2,2,2,3,3,3,3,2,2,2,2,3,3,3,3,3,3,3,3,3,3,3,3,2,2,2,2,1,1,1,1,3,3,3,3,1,1,1,1,2,2,2,2,3,3,3,3,2,2,2,2,1,1,1,1,3,3,3,3,3,3,3,3,3,3,3,3,3,3,3,3,2,2,2,2,3,3,3,3,3,3,3,3,3,3,3,3,3,2,3,3,1,0,1,1,3,3,3,3,1,1,1,1
N179,3,3,3,3,3,3,3,3,1,1,1,1,2,2,2,2,3,3,3,3,2,3,3,3,2,2,2,2,1,1,1,1,2,2,2,2,3,3,3,3,3,3,3,3,2,2,2,2,2,3,2,3,3,3,3,3,3,3,3,3,1,1,1,1,3,3,3,3,2,2,2,2,2,2,2,2,2,2,2,2,3,3,3,3,2,2,2,2,3,3,3,3,2,2,2,2,3,3,3,3,3,3,3,3,3,3,3,3,2,2,2,2,1,1,1,1,3,3,3,3,1,1,1,1,2,2,2,2,3,3,3,3,2,2,2,2,1,1,1,1,3,3,3,3,3,3,3,3,3,3,3,3,3,3,3,3,2,2,2,2,3,3,3,3,3,3,3,3,3,3,3,3,2,3,3,3,1,1,0,1,3,3,3,3,1,1,1,1
N180,3,2,3,3,3,3,3,3,1,1,1,1,2,2,2,2,3,3,3,3,2,3,2,3,2,2,2,2,1,1,1,1,2,2,2,2,3,3,3,3,3,3,3,3,2,2,2,2,2,3,2,3,3,3,3,3,3,3,3,3,1,1,1,1,3,3,3,3,2,2,2,2,2,2,2,2,2,2,2,2,3,3,3,3,2,2,2,2,3,3,3,3,2,2,2,2,3,3,3,3,3,3,3,3,3,3,3,3,2,2,2,2,1,1,1,1,3,3,3,3,1,1,1,1,2,2,2,2,3,3,3,3,2,2,2,2,1,1,1,1,3,3,3,3,3,3,3,3,3,3,3,3,3,3,3,3,2,2,2,2,3,3,3,3,3,3,3,3,3,3,3,3,3,3,2,2,1,1,1,0,3,3,3,3,1,1,1,1
N181,3,3,3,3,2,2,2,2,3,3,3,3,3,3,3,3,2,2,2,2,3,3,3,3,3,3,3,3,3,3,3,3,3,3,3,3,2,2,2,2,3,3,3,3,3,3,3,3,1,1,1,1,2,2,2,2,2,2,2,2,3,3,3,3,2,2,2,2,3,3,3,2,3,3,3,3,3,3,3,3,1,1,1,1,3,3,3,3,1,2,2,2,3,3,3,3,1,1,1,1,1,1,1,1,3,3,3,3,3,3,3,3,3,3,3,3,2,2,2,2,3,3,3,3,3,3,3,3,3,3,3,3,3,3,3,3,3,3,3,3,2,2,2,2,3,3,3,3,3,3,3,3,2,2,2,2,3,3,3,3,2,2,2,2,2,2,2,2,2,2,2,2,2,2,2,2,3,3,3,3,0,1,1,1,3,3,3,3
N182,3,3,3,3,2,2,2,2,3,3,3,3,3,3,3,3,2,2,2,2,3,3,3,3,3,3,3,3,3,3,3,3,3,3,3,3,2,2,2,2,3,3,3,3,3,3,3,3,1,1,1,1,2,2,2,2,2,2,2,2,3,3,3,3,2,2,2,2,3,3,3,3,3,3,3,3,3,3,3,3,1,1,1,1,3,3,3,3,2,2,2,2,3,3,3,3,1,1,1,1,1,1,1,1,3,3,3,3,3,3,3,3,3,3,3,3,2,2,2,2,3,3,3,3,3,3,3,3,3,3,3,3,3,3,3,3,3,3,3,3,2,2,2,2,3,3,3,3,3,3,3,3,2,2,2,2,3,3,3,3,2,2,2,2,2,2,2,2,2,2,2,2,2,2,2,2,3,3,3,3,1,0,1,1,3,3,3,3
N183,3,3,3,3,2,2,2,2,3,3,3,3,3,3,3,3,2,2,2,2,3,3,3,3,3,3,3,3,3,3,3,3,3,3,3,3,2,2,2,2,3,3,3,3,3,3,3,3,1,1,1,1,2,2,2,2,2,2,2,2,3,3,3,3,2,2,2,2,2,2,2,2,3,3,3,3,3,3,3,3,1,1,1,1,3,3,3,3,1,1,2,2,3,3,3,3,1,1,1,1,1,1,1,1,3,3,3,3,3,3,3,3,3,3,3,3,2,2,2,2,3,3,3,3,3,3,3,3,3,3,3,3,3,3,3,3,3,3,3,3,2,2,2,2,3,3,3,3,3,3,3,3,2,2,2,2,3,3,3,3,2,2,2,2,2,2,2,2,2,2,2,2,2,2,2,2,3,3,3,3,1,1,0,1,3,3,3,3
N184,3,3,3,3,2,2,2,2,3,3,3,3,3,3,3,3,2,2,2,2,3,3,3,3,3,3,3,3,3,3,3,3,3,3,3,3,2,2,2,2,3,3,3,3,3,3,3,3,1,1,1,1,2,2,2,2,2,2,2,2,3,3,3,3,2,2,2,2,2,2,2,3,3,3,3,3,3,3,3,3,1,1,1,1,3,3,3,3,1,1,2,2,3,3,3,3,1,1,1,1,1,1,1,1,3,3,3,3,3,3,3,3,3,3,3,3,2,2,2,2,3,3,3,3,3,3,3,3,3,3,3,3,3,3,3,3,3,3,3,3,2,2,2,2,3,3,3,3,3,3,3,3,2,2,2,2,3,3,3,3,2,2,2,2,2,2,2,2,2,2,2,2,2,2,2,2,3,3,3,3,1,1,1,0,3,3,3,3
N185,3,3,3,3,2,3,3,3,1,1,1,1,2,2,2,2,3,3,3,3,3,3,3,3,2,1,2,1,1,1,1,1,2,2,2,2,3,3,3,3,3,3,2,3,2,2,2,2,3,3,3,3,3,3,3,3,3,3,3,3,1,1,1,1,3,3,3,3,2,2,2,2,2,2,2,2,2,2,2,2,3,3,3,3,2,2,2,2,3,3,3,3,2,2,2,2,3,3,3,3,3,3,3,3,3,3,3,3,2,2,2,2,1,1,1,1,3,3,3,3,1,1,1,1,2,2,2,2,3,3,3,3,2,2,2,2,1,1,1,1,3,3,3,3,3,3,3,3,3,3,3,3,3,3,3,3,2,2,2,2,3,3,3,3,3,2,3,2,3,3,3,3,3,3,3,3,1,1,1,1,3,3,3,3,0,1,1,1
N186,3,3,3,3,3,3,2,3,1,1,1,1,2,2,2,2,3,3,3,3,3,3,3,3,1,1,2,2,1,1,1,1,2,1,2,2,3,3,3,3,3,3,3,3,2,2,2,2,3,3,3,3,3,3,3,3,3,3,3,3,1,1,1,1,3,3,3,3,2,2,2,2,2,2,2,2,2,2,2,2,3,3,3,3,2,2,2,2,3,3,3,3,2,2,2,2,3,3,3,3,3,3,3,3,3,3,3,3,2,2,2,2,1,1,1,1,3,3,3,3,1,1,1,1,2,2,2,2,3,3,3,3,2,2,2,2,1,1,1,1,3,3,3,3,3,3,3,3,3,3,3,3,3,3,3,3,2,2,2,2,3,3,3,3,3,3,3,3,3,3,3,3,3,3,3,3,1,1,1,1,3,3,3,3,1,0,1,1
N187,3,3,3,3,2,2,3,3,1,1,1,1,2,2,2,2,3,3,3,3,3,3,3,3,1,2,2,2,1,1,1,1,2,2,2,2,3,3,3,3,2,3,2,3,2,2,2,2,3,3,3,3,3,3,3,3,3,3,3,3,1,1,1,1,3,3,3,3,2,2,2,2,2,2,2,2,2,2,2,2,3,3,3,3,2,2,2,2,3,3,3,3,2,2,2,2,3,3,3,3,3,3,3,3,3,3,3,3,2,2,2,2,1,1,1,1,3,3,3,3,1,1,1,1,2,2,2,2,3,3,3,3,2,2,2,2,1,1,1,1,3,3,3,3,3,3,3,3,3,3,3,3,3,3,3,3,2,2,2,2,3,3,3,3,2,2,3,3,3,3,3,3,3,3,3,3,1,1,1,1,3,3,3,3,1,1,0,1
N188,3,3,3,3,3,3,2,3,1,1,1,1,2,2,2,2,3,3,3,3,3,3,3,3,2,2,1,2,1,1,1,1,2,1,2,2,3,3,3,3,3,2,3,2,2,2,2,2,3,3,3,3,3,3,3,3,3,3,3,3,1,1,1,1,3,3,3,3,2,2,2,2,2,2,2,2,2,2,2,2,3,3,3,3,2,2,2,2,3,3,3,3,2,2,2,2,3,3,3,3,3,3,3,3,3,3,3,3,2,2,2,2,1,1,1,1,3,3,3,3,1,1,1,1,2,2,2,2,3,3,3,3,2,2,2,2,1,1,1,1,3,3,3,3,3,3,3,3,3,3,3,3,3,3,3,3,2,2,2,2,3,3,3,3,3,3,2,2,3,3,3,3,3,3,3,3,1,1,1,1,3,3,3,3,1,1,1,0
